,root,name,number
0,//vault2/Бесконтактная техника/1 ОБТ\АКТЫ обслуживания ТАВР\Акты ТАВР ввод в эксплуатацию\Ввод 2012\Верховье\осц_верх,2012-06-26_15.37.42.rdf,0
1,//vault2/Бесконтактная техника/1 ОБТ\АКТЫ обслуживания ТАВР\Акты ТАВР ввод в эксплуатацию\Ввод 2012\Верховье\осц_верх,2012-06-26_15.50.32.rdf,0
2,//vault2/Бесконтактная техника/1 ОБТ\АКТЫ обслуживания ТАВР\Акты ТАВР ввод в эксплуатацию\Ввод 2012\Верховье\осц_верх,2012-06-27_08.14.51.rdf,0
3,//vault2/Бесконтактная техника/1 ОБТ\АКТЫ обслуживания ТАВР\Акты ТАВР ввод в эксплуатацию\Ввод 2012\Верховье\осц_верх,2012-06-27_08.25.09.rdf,0
4,//vault2/Бесконтактная техника/1 ОБТ\АКТЫ обслуживания ТАВР\Акты ТАВР ввод в эксплуатацию\Ввод 2012\Верховье\осц_верх,2012-06-27_08.56.50.rdf,0
5,//vault2/Бесконтактная техника/1 ОБТ\АКТЫ обслуживания ТАВР\Акты ТАВР ввод в эксплуатацию\Ввод 2012\Верховье\осц_верх,2012-06-27_14.51.29.rdf,0
6,//vault2/Бесконтактная техника/1 ОБТ\АКТЫ обслуживания ТАВР\Акты ТАВР ввод в эксплуатацию\Ввод 2012\Верховье\осц_верх,2012-06-28_15.11.19.rdf,0
7,//vault2/Бесконтактная техника/1 ОБТ\АКТЫ обслуживания ТАВР\Акты ТАВР ввод в эксплуатацию\Ввод 2012\Верховье\ПН_ВЕРХ_осц,2012-05-15_16.54.42.rdf,0
8,//vault2/Бесконтактная техника/1 ОБТ\АКТЫ обслуживания ТАВР\Акты ТАВР ввод в эксплуатацию\Ввод 2012\Верховье\ПН_ВЕРХ_осц,2012-05-15_19.21.19.rdf,0
9,//vault2/Бесконтактная техника/1 ОБТ\АКТЫ обслуживания ТАВР\Акты ТАВР ввод в эксплуатацию\Ввод 2012\Верховье\ПН_ВЕРХ_осц,2012-05-16_09.20.35.rdf,0
10,//vault2/Бесконтактная техника/1 ОБТ\АКТЫ обслуживания ТАВР\Акты ТАВР ввод в эксплуатацию\Ввод 2012\Верховье\ПН_ВЕРХ_осц,2012-05-16_19.20.21.rdf,0
11,//vault2/Бесконтактная техника/1 ОБТ\АКТЫ обслуживания ТАВР\Акты ТАВР ввод в эксплуатацию\Ввод 2012\НПС-13,2012-04-19_02.46.22 Откл. Ввода №1 НПС 13.rdf,0
12,//vault2/Бесконтактная техника/1 ОБТ\АКТЫ обслуживания ТАВР\Акты ТАВР ввод в эксплуатацию\Ввод 2012\НПС-20\осц_НПС№20,2013-01-17_17.24.20.rdf,0
13,//vault2/Бесконтактная техника/1 ОБТ\АКТЫ обслуживания ТАВР\Акты ТАВР ввод в эксплуатацию\Ввод 2012\НПС-20\осц_НПС№20,2013-01-17_17.30.04.rdf,0
14,//vault2/Бесконтактная техника/1 ОБТ\АКТЫ обслуживания ТАВР\Акты ТАВР ввод в эксплуатацию\Ввод 2012\НПС-20\осц_НПС№20,2013-01-18_15.46.50.rdf,0
15,//vault2/Бесконтактная техника/1 ОБТ\АКТЫ обслуживания ТАВР\Акты ТАВР ввод в эксплуатацию\Ввод 2012\НПС-20\осц_НПС№20,2013-01-18_18.01.39.rdf,0
16,//vault2/Бесконтактная техника/1 ОБТ\АКТЫ обслуживания ТАВР\Акты ТАВР ввод в эксплуатацию\Ввод 2012\НПС-30\осц_НПС№30,2013-01-25_14.50.40.rdf,0
17,//vault2/Бесконтактная техника/1 ОБТ\АКТЫ обслуживания ТАВР\Акты ТАВР ввод в эксплуатацию\Ввод 2012\НПС-30\осц_НПС№30,2013-01-25_15.01.19.rdf,0
18,//vault2/Бесконтактная техника/1 ОБТ\АКТЫ обслуживания ТАВР\Акты ТАВР ввод в эксплуатацию\Ввод 2012\Степаньково-1\осц_Степаньково_2012.10,2012-10-31_15.31.53.rdf,0
19,//vault2/Бесконтактная техника/1 ОБТ\АКТЫ обслуживания ТАВР\Акты ТАВР ввод в эксплуатацию\Ввод 2012\Степаньково-1\осц_Степаньково_2012.10,2012-10-31_15.34.54.rdf,0
20,//vault2/Бесконтактная техника/1 ОБТ\АКТЫ обслуживания ТАВР\Акты ТАВР ввод в эксплуатацию\Ввод 2012\Степаньково-1\осц_Степаньково_2012.10,2012-10-31_15.43.47.rdf,0
21,//vault2/Бесконтактная техника/1 ОБТ\АКТЫ обслуживания ТАВР\Акты ТАВР ввод в эксплуатацию\Ввод 2014\Ростовка\2014.02_осц_Ростовка,2014-02-19_16.56.53.rdf,0
22,//vault2/Бесконтактная техника/1 ОБТ\АКТЫ обслуживания ТАВР\Акты ТАВР ввод в эксплуатацию\Ввод 2014\Ростовка\2014.02_осц_Ростовка,2014-02-19_17.02.25.rdf,0
23,//vault2/Бесконтактная техника/1 ОБТ\АКТЫ обслуживания ТАВР\Акты ТАВР ввод в эксплуатацию\Ввод 2014\Ростовка\2014.02_осц_Ростовка,2014-02-20_11.04.45.rdf,0
24,//vault2/Бесконтактная техника/1 ОБТ\АКТЫ обслуживания ТАВР\Акты ТАВР ввод в эксплуатацию\Ввод 2014\Ростовка\2014.02_осц_Ростовка,2014-02-20_11.18.05.rdf,0
25,//vault2/Бесконтактная техника/1 ОБТ\АКТЫ обслуживания ТАВР\Акты ТАВР ввод в эксплуатацию\Ввод 2014\Уралкалий\2015\1 - 2 СШ-6 кВ,2015-02-24_11.19.05.rdf,0
26,//vault2/Бесконтактная техника/1 ОБТ\АКТЫ обслуживания ТАВР\Акты ТАВР ввод в эксплуатацию\Ввод 2014\Уралкалий\2015\1 - 2 СШ-6 кВ,2015-02-24_12.54.37.rdf,0
27,//vault2/Бесконтактная техника/1 ОБТ\АКТЫ обслуживания ТАВР\Акты ТАВР ввод в эксплуатацию\Ввод 2014\Уралкалий\2015\3 - 4 СШ,2015-02-24_11.19.14.rdf,0
28,//vault2/Бесконтактная техника/1 ОБТ\АКТЫ обслуживания ТАВР\Акты ТАВР ввод в эксплуатацию\Ввод 2014\Уралкалий\2015\3 - 4 СШ,2015-02-24_12.54.45.rdf,0
29,//vault2/Бесконтактная техника/1 ОБТ\АКТЫ обслуживания ТАВР\Акты ТАВР ввод в эксплуатацию\Ввод в эксплуатацию 2010\Балтнефтепровод\Ярославль 3,2010-06-23_17.55.37.rdf,0
30,//vault2/Бесконтактная техника/1 ОБТ\АКТЫ обслуживания ТАВР\Акты ТАВР ввод в эксплуатацию\Ввод в эксплуатацию 2010\Балтнефтепровод\Ярославль 3,2010-06-23_17.57.05.rdf,0
31,//vault2/Бесконтактная техника/1 ОБТ\АКТЫ обслуживания ТАВР\Акты ТАВР ввод в эксплуатацию\Ввод в эксплуатацию 2010\Приволжский\Осц яч_25,2010-12-02_13.23.49.rdf,0
32,//vault2/Бесконтактная техника/1 ОБТ\АКТЫ обслуживания ТАВР\Акты ТАВР ввод в эксплуатацию\Ввод в эксплуатацию 2010\Приволжский\Осц яч_32,2010-12-02_13.24.36.rdf,0
33,//vault2/Бесконтактная техника/1 ОБТ\АКТЫ обслуживания ТАВР\Акты ТАВР ввод в эксплуатацию\Ввод в эксплуатацию 2010\Приволжский\Самара ремонт,2011-05-18_14.19.49.rdf,0
34,//vault2/Бесконтактная техника/1 ОБТ\АКТЫ обслуживания ТАВР\Акты ТАВР ввод в эксплуатацию\Ввод в эксплуатацию 2010\Приволжский\Самара ремонт,2011-05-18_15.11.19.rdf,0
35,//vault2/Бесконтактная техника/1 ОБТ\АКТЫ обслуживания ТАВР\Акты ТАВР ввод в эксплуатацию\Ввод в эксплуатацию 2010\Центросиб\Александровская,2010-01-16_11.42.23.rdf,0
36,//vault2/Бесконтактная техника/1 ОБТ\АКТЫ обслуживания ТАВР\Акты ТАВР ввод в эксплуатацию\Ввод в эксплуатацию 2010\Центросиб\Александровская,2010-01-16_11.44.08.rdf,0
37,//vault2/Бесконтактная техника/1 ОБТ\АКТЫ обслуживания ТАВР\Акты ТАВР ввод в эксплуатацию\Ввод в эксплуатацию 2010\Центросиб\Александровская,2010-01-16_12.53.35.rdf,0
38,//vault2/Бесконтактная техника/1 ОБТ\АКТЫ обслуживания ТАВР\Акты ТАВР ввод в эксплуатацию\Ввод в эксплуатацию 2010\Центросиб\Александровская,2010-01-16_13.07.48.rdf,0
39,//vault2/Бесконтактная техника/1 ОБТ\АКТЫ обслуживания ТАВР\Акты ТАВР ввод в эксплуатацию\Ввод в эксплуатацию 2010\Центросиб\Александровская,2010-01-16_13.24.21.rdf,0
40,//vault2/Бесконтактная техника/1 ОБТ\АКТЫ обслуживания ТАВР\Акты ТАВР ввод в эксплуатацию\Ввод в эксплуатацию 2010\Центросиб\Орловка,2010-01-27_09.01.03.rdf,0
41,//vault2/Бесконтактная техника/1 ОБТ\АКТЫ обслуживания ТАВР\Акты ТАВР ввод в эксплуатацию\Ввод в эксплуатацию 2010\Центросиб\Орловка,2010-01-27_11.15.16.rdf,0
42,//vault2/Бесконтактная техника/1 ОБТ\АКТЫ обслуживания ТАВР\Акты ТАВР ввод в эксплуатацию\Ввод в эксплуатацию 2010\Центросиб\Орловка,2010-01-27_11.22.43.rdf,0
43,//vault2/Бесконтактная техника/1 ОБТ\АКТЫ обслуживания ТАВР\Акты ТАВР ввод в эксплуатацию\Ввод в эксплуатацию 2010\Центросиб\Раскино,2010-01-20_13.45.50.rdf,0
44,//vault2/Бесконтактная техника/1 ОБТ\АКТЫ обслуживания ТАВР\Акты ТАВР ввод в эксплуатацию\Ввод в эксплуатацию 2010\Центросиб\Раскино,2010.01.20Ввод1безСТД.rdf,0
45,//vault2/Бесконтактная техника/1 ОБТ\АКТЫ обслуживания ТАВР\Акты ТАВР ввод в эксплуатацию\Ввод в эксплуатацию 2010\Центросиб\Раскино,2010.01.20Ввод1СТД-1.rdf,0
46,//vault2/Бесконтактная техника/1 ОБТ\АКТЫ обслуживания ТАВР\Акты ТАВР ввод в эксплуатацию\Ввод в эксплуатацию 2010\Центросиб\Раскино,2010.01.20Ввод2 без СТД.rdf,0
47,//vault2/Бесконтактная техника/1 ОБТ\АКТЫ обслуживания ТАВР\Акты ТАВР ввод в эксплуатацию\Ввод в эксплуатацию 2011\БТС2\НПС3,2011-07-23_17.03.12.rdf,0
48,//vault2/Бесконтактная техника/1 ОБТ\АКТЫ обслуживания ТАВР\Акты ТАВР ввод в эксплуатацию\Ввод в эксплуатацию 2011\БТС2\НПС3,2011-07-24_14.42.45.rdf,0
49,//vault2/Бесконтактная техника/1 ОБТ\АКТЫ обслуживания ТАВР\Акты ТАВР ввод в эксплуатацию\Ввод в эксплуатацию 2011\БТС2\НПС7,2011-10-27_17.26.48.rdf,0
50,//vault2/Бесконтактная техника/1 ОБТ\АКТЫ обслуживания ТАВР\Акты ТАВР ввод в эксплуатацию\Ввод в эксплуатацию 2011\БТС2\НПС7,2011-10-27_17.32.53.rdf,0
51,//vault2/Бесконтактная техника/1 ОБТ\АКТЫ обслуживания ТАВР\Акты ТАВР ввод в эксплуатацию\Ввод в эксплуатацию 2011\БТС2\НПС7\без двиг. нагрузки,2011-10-28_13.53.23.rdf,0
52,//vault2/Бесконтактная техника/1 ОБТ\АКТЫ обслуживания ТАВР\Акты ТАВР ввод в эксплуатацию\Ввод в эксплуатацию 2011\БТС2\Усть-Луга,2011-10-26_14.22.52.rdf,0
53,//vault2/Бесконтактная техника/1 ОБТ\АКТЫ обслуживания ТАВР\Акты ТАВР ввод в эксплуатацию\Ввод в эксплуатацию 2011\Вынгапур\Вынгапур осц,2011-08-16_13.43.16 отключение ввода №1.rdf,0
54,//vault2/Бесконтактная техника/1 ОБТ\АКТЫ обслуживания ТАВР\Акты ТАВР ввод в эксплуатацию\Ввод в эксплуатацию 2011\Вынгапур\Вынгапур осц,2011-08-16_13.49.39 отказ отключение ввода №2.rdf,0
55,//vault2/Бесконтактная техника/1 ОБТ\АКТЫ обслуживания ТАВР\Акты ТАВР ввод в эксплуатацию\Ввод в эксплуатацию 2011\Вынгапур\Вынгапур осц,2011-08-16_13.59.24 отключение ввода№2.rdf,0
56,//vault2/Бесконтактная техника/1 ОБТ\АКТЫ обслуживания ТАВР\Акты ТАВР ввод в эксплуатацию\Ввод в эксплуатацию 2011\Камтэкс\осц_Камтэкс,2011-04-26_16.38.31.rdf,0
57,//vault2/Бесконтактная техника/1 ОБТ\АКТЫ обслуживания ТАВР\Акты ТАВР ввод в эксплуатацию\Ввод в эксплуатацию 2011\Камтэкс\осц_Камтэкс,2011-04-26_16.43.46.rdf,0
58,//vault2/Бесконтактная техника/1 ОБТ\АКТЫ обслуживания ТАВР\Акты ТАВР ввод в эксплуатацию\Ввод в эксплуатацию 2011\Камтэкс\осц_Камтэкс,2011-04-26_17.17.56.rdf,0
59,//vault2/Бесконтактная техника/1 ОБТ\АКТЫ обслуживания ТАВР\Акты ТАВР ввод в эксплуатацию\Ввод в эксплуатацию 2011\Камтэкс\осц_Камтэкс,2011-04-26_17.26.33.rdf,0
60,//vault2/Бесконтактная техника/1 ОБТ\АКТЫ обслуживания ТАВР\Акты ТАВР ввод в эксплуатацию\Ввод в эксплуатацию 2011\Камтэкс\осц_Камтэкс,2011-04-26_17.34.05.rdf,0
61,//vault2/Бесконтактная техника/1 ОБТ\АКТЫ обслуживания ТАВР\Акты ТАВР ввод в эксплуатацию\Ввод в эксплуатацию 2011\Камтэкс\осц_Камтэкс,2011-04-26_19.21.30.rdf,0
62,//vault2/Бесконтактная техника/1 ОБТ\АКТЫ обслуживания ТАВР\Акты ТАВР ввод в эксплуатацию\Ввод в эксплуатацию 2011\Камтэкс\осц_Камтэкс,2011-04-26_19.52.24.rdf,0
63,//vault2/Бесконтактная техника/1 ОБТ\АКТЫ обслуживания ТАВР\Акты ТАВР ввод в эксплуатацию\Ввод в эксплуатацию 2011\Камтэкс\осц_Камтэкс,2011-04-26_20.01.31.rdf,0
64,//vault2/Бесконтактная техника/1 ОБТ\АКТЫ обслуживания ТАВР\Акты ТАВР ввод в эксплуатацию\Ввод в эксплуатацию 2011\Каштан\1-2 СШ,2011-09-02_13.42.09.rdf,0
65,//vault2/Бесконтактная техника/1 ОБТ\АКТЫ обслуживания ТАВР\Акты ТАВР ввод в эксплуатацию\Ввод в эксплуатацию 2011\Каштан\1-2 СШ,2011-09-02_14.14.21.rdf,0
66,//vault2/Бесконтактная техника/1 ОБТ\АКТЫ обслуживания ТАВР\Акты ТАВР ввод в эксплуатацию\Ввод в эксплуатацию 2011\Каштан\3-4 СШ,2011-09-06_12.47.48.rdf,0
67,//vault2/Бесконтактная техника/1 ОБТ\АКТЫ обслуживания ТАВР\Акты ТАВР ввод в эксплуатацию\Ввод в эксплуатацию 2011\Каштан\3-4 СШ,2011-09-06_12.52.16.rdf,0
68,//vault2/Бесконтактная техника/1 ОБТ\АКТЫ обслуживания ТАВР\Акты ТАВР ввод в эксплуатацию\Ввод в эксплуатацию 2011\Пур-Пе\Осциллограммы срабатывания,2011-10-22_07.40.25.rdf,0
69,//vault2/Бесконтактная техника/1 ОБТ\АКТЫ обслуживания ТАВР\Акты ТАВР ввод в эксплуатацию\Ввод в эксплуатацию 2011\Пур-Пе\Осциллограммы срабатывания,2011-10-22_07.40.38.rdf,0
70,//vault2/Бесконтактная техника/1 ОБТ\АКТЫ обслуживания ТАВР\Акты ТАВР ввод в эксплуатацию\Ввод в эксплуатацию 2011\Пур-Пе\Осциллограммы срабатывания,2011-10-22_07.40.52.rdf,0
71,//vault2/Бесконтактная техника/1 ОБТ\АКТЫ обслуживания ТАВР\Акты ТАВР ввод в эксплуатацию\Ввод в эксплуатацию 2011\Пур-Пе\Осциллограммы срабатывания,2011-10-27_12.32.19.rdf,0
72,//vault2/Бесконтактная техника/1 ОБТ\АКТЫ обслуживания ТАВР\Акты ТАВР ввод в эксплуатацию\Ввод в эксплуатацию 2011\Пур-Пе\Осциллограммы срабатывания,2011-10-27_13.00.14.rdf,0
73,//vault2/Бесконтактная техника/1 ОБТ\АКТЫ обслуживания ТАВР\Акты ТАВР ввод в эксплуатацию\Ввод в эксплуатацию 2011\Пур-Пе\Осциллограммы срабатывания,2011-10-27_13.40.17.rdf,0
74,//vault2/Бесконтактная техника/1 ОБТ\АКТЫ обслуживания ТАВР\Акты ТАВР ввод в эксплуатацию\Ввод в эксплуатацию 2011\Пур-Пе\Пур Пе осц,2011-08-15_16.28.13ашение ввода №2.rdf,0
75,//vault2/Бесконтактная техника/1 ОБТ\АКТЫ обслуживания ТАВР\Акты ТАВР ввод в эксплуатацию\Ввод в эксплуатацию 2011\Пур-Пе\Пур Пе осц,2011-08-15_16.28.1гашение ввода №2.rdf,0
76,//vault2/Бесконтактная техника/1 ОБТ\АКТЫ обслуживания ТАВР\Акты ТАВР ввод в эксплуатацию\Ввод в эксплуатацию 2011\Пур-Пе\Пур Пе осц,2011-08-15_16.33.54 Отключение Ввода№1.rdf,0
77,//vault2/Бесконтактная техника/1 ОБТ\АКТЫ обслуживания ТАВР\Акты ТАВР ввод в эксплуатацию\Ввод в эксплуатацию 2011\Саматлор\Осц Самотлор,2011-08-22_10.55.47 самотлор отлёчение ввода №2.rdf,0
78,//vault2/Бесконтактная техника/1 ОБТ\АКТЫ обслуживания ТАВР\Акты ТАВР ввод в эксплуатацию\Ввод в эксплуатацию 2011\Саматлор\Осц Самотлор,2011-08-22_11.06.41отключение ввода№1.rdf,0
79,//vault2/Бесконтактная техника/1 ОБТ\АКТЫ обслуживания ТАВР\Акты ТАВР ввод в эксплуатацию\Ввод в эксплуатацию 2011\Тайшет\Осц Тайшет,2011-02-28_12.02.43.rdf,0
80,//vault2/Бесконтактная техника/1 ОБТ\АКТЫ обслуживания ТАВР\Акты ТАВР ввод в эксплуатацию\Ввод в эксплуатацию 2011\Тайшет\Осц Тайшет,2011-03-18_10.10.21.rdf,0
81,//vault2/Бесконтактная техника/1 ОБТ\АКТЫ обслуживания ТАВР\Акты ТАВР ввод в эксплуатацию\Ввод в эксплуатацию 2011\Тайшет\Осц Тайшет,2011-04-19_16.13.12.rdf,0
82,"//vault2/Бесконтактная техника/1 ОБТ\АКТЫ обслуживания ТАВР\Акты ТАВР ввод в эксплуатацию\Ввод в эксплуатацию старые\ТАВР-0,4 Балтнефтепровод\Правдино\Осциллограммы",2010-02-26_14.30.19.rdf,0
83,"//vault2/Бесконтактная техника/1 ОБТ\АКТЫ обслуживания ТАВР\Акты ТАВР ввод в эксплуатацию\Ввод в эксплуатацию старые\ТАВР-0,4 Балтнефтепровод\Правдино\Осциллограммы",2010-03-04_11.58.08.rdf,0
84,"//vault2/Бесконтактная техника/1 ОБТ\АКТЫ обслуживания ТАВР\Акты ТАВР ввод в эксплуатацию\Ввод в эксплуатацию старые\ТАВР-0,4 Балтнефтепровод\Правдино\Осциллограммы",2010-03-04_12.00.33.rdf,0
85,//vault2/Бесконтактная техника/1 ОБТ\АКТЫ обслуживания ТАВР\Обслуживание\СЗМН 2009\Лазарево\Осциллограммы,2009-05-12_04.41.28.rdf,0
86,//vault2/Бесконтактная техника/1 ОБТ\АКТЫ обслуживания ТАВР\Обслуживание\СЗМН 2009\Лазарево\Осциллограммы,2009-05-30_02.27.39.rdf,0
87,//vault2/Бесконтактная техника/1 ОБТ\АКТЫ обслуживания ТАВР\Обслуживание\СЗМН 2009\Лазарево\Осциллограммы,2009-05-31_02.25.16.rdf,0
88,//vault2/Бесконтактная техника/1 ОБТ\АКТЫ обслуживания ТАВР\Обслуживание 2010\СЗМН\Ковали\осц_Ковали_2010_,2010-06-25_04.32.37.rdf,0
89,//vault2/Бесконтактная техника/1 ОБТ\АКТЫ обслуживания ТАВР\Обслуживание 2010\СЗМН\Ковали\осц_Ковали_2010_,2010-07-06_09.53.55.rdf,0
90,//vault2/Бесконтактная техника/1 ОБТ\АКТЫ обслуживания ТАВР\Обслуживание 2010\СЗМН\Ковали\осц_Ковали_2010_,2010-07-06_10.04.18.rdf,0
91,//vault2/Бесконтактная техника/1 ОБТ\АКТЫ обслуживания ТАВР\Обслуживание 2010\СЗМН\Тиньговатово\осц_Тиньговатово_зав№34,2009-06-17_12.45.13.rdf,0
92,//vault2/Бесконтактная техника/1 ОБТ\АКТЫ обслуживания ТАВР\Обслуживание 2010\СЗМН\Тиньговатово\осц_Тиньговатово_зав№34,2009-09-08_14.11.11.rdf,0
93,//vault2/Бесконтактная техника/1 ОБТ\АКТЫ обслуживания ТАВР\Обслуживание 2010\СЗМН\Тиньговатово\осц_Тиньговатово_зав№34,2009-11-10_14.58.44.rdf,0
94,//vault2/Бесконтактная техника/1 ОБТ\АКТЫ обслуживания ТАВР\Обслуживание 2010\СЗМН\Тиньговатово\осц_Тиньговатово_зав№35,2009-06-17_12.49.24.rdf,0
95,//vault2/Бесконтактная техника/1 ОБТ\АКТЫ обслуживания ТАВР\Обслуживание 2010\СЗМН\Тиньговатово\осц_Тиньговатово_зав№35,2009-09-08_14.16.44.rdf,0
96,//vault2/Бесконтактная техника/1 ОБТ\АКТЫ обслуживания ТАВР\Обслуживание 2010\СЗМН\Тиньговатово\осц_Тиньговатово_зав№35,2009-11-10_15.05.21.rdf,0
97,//vault2/Бесконтактная техника/1 ОБТ\АКТЫ обслуживания ТАВР\Обслуживание 2010\Трансибнефть\Рыбинская,2010-11-15_09.31.54.rdf,0
98,//vault2/Бесконтактная техника/1 ОБТ\АКТЫ обслуживания ТАВР\Обслуживание 2010\Трансибнефть\Рыбинская,2010-11-15_09.35.33.rdf,0
99,//vault2/Бесконтактная техника/1 ОБТ\АКТЫ обслуживания ТАВР\Обслуживание 2010\Трансибнефть\Рыбинская,2010-11-15_09.36.49.rdf,0
100,//vault2/Бесконтактная техника/1 ОБТ\АКТЫ обслуживания ТАВР\Обслуживание 2011\Балтика\Невская,2011-08-16_10.31.39.rdf,0
101,//vault2/Бесконтактная техника/1 ОБТ\АКТЫ обслуживания ТАВР\Обслуживание 2011\Балтика\Сестрорецкая,2011-08-20_09.54.43.rdf,0
102,//vault2/Бесконтактная техника/1 ОБТ\АКТЫ обслуживания ТАВР\Обслуживание 2011\Балтика\Сестрорецкая,2012-02-16_20.14.39.rdf,0
103,//vault2/Бесконтактная техника/1 ОБТ\АКТЫ обслуживания ТАВР\Обслуживание 2011\Балтика\Сестрорецкая,2012-02-16_20.15.54.rdf,0
104,//vault2/Бесконтактная техника/1 ОБТ\АКТЫ обслуживания ТАВР\Обслуживание 2011\Балтика\Сестрорецкая,2012-03-13_11.35.30.rdf,0
105,//vault2/Бесконтактная техника/1 ОБТ\АКТЫ обслуживания ТАВР\Обслуживание 2011\Дружба\Сызрань,2012-03-13_11.36.41.rdf,0
106,//vault2/Бесконтактная техника/1 ОБТ\АКТЫ обслуживания ТАВР\Обслуживание 2011\Дружба\Сызрань,2012-03-13_11.55.50.rdf,0
107,//vault2/Бесконтактная техника/1 ОБТ\АКТЫ обслуживания ТАВР\Обслуживание 2011\Дружба\Сызрань,2012-03-14_10.02.23.rdf,0
108,//vault2/Бесконтактная техника/1 ОБТ\АКТЫ обслуживания ТАВР\Обслуживание 2011\Центросиб\Молчаново,2011-08-30_13.13.18.rdf,0
109,//vault2/Бесконтактная техника/1 ОБТ\АКТЫ обслуживания ТАВР\Обслуживание 2011\Центросиб\Молчаново,2011-08-30_14.04.07.rdf,0
110,//vault2/Бесконтактная техника/1 ОБТ\АКТЫ обслуживания ТАВР\Обслуживание 2011\Центросиб\Молчаново,2011-12-11_03.37.52.rdf,0
111,//vault2/Бесконтактная техника/1 ОБТ\АКТЫ обслуживания ТАВР\Обслуживание 2011\Центросиб\Орловка,2011-08-29_11.14.46.rdf,0
112,//vault2/Бесконтактная техника/1 ОБТ\АКТЫ обслуживания ТАВР\Обслуживание 2011\Центросиб\Орловка,2011-09-25_05.16.59.rdf,0
113,//vault2/Бесконтактная техника/1 ОБТ\АКТЫ обслуживания ТАВР\Обслуживание 2011\Центросиб\Орловка,2011-12-11_00.43.11.rdf,0
114,//vault2/Бесконтактная техника/1 ОБТ\АКТЫ обслуживания ТАВР\Обслуживание 2012\Балтика\Невская,2012-07-24_13.44.28.rdf,0
115,//vault2/Бесконтактная техника/1 ОБТ\АКТЫ обслуживания ТАВР\Обслуживание 2012\Балтика\Невская,2012-07-24_13.46.24.rdf,0
116,//vault2/Бесконтактная техника/1 ОБТ\АКТЫ обслуживания ТАВР\Обслуживание 2012\Балтика\Невская\осц_Невская_10.2012,2012-07-17_19.51.22.rdf,0
117,//vault2/Бесконтактная техника/1 ОБТ\АКТЫ обслуживания ТАВР\Обслуживание 2012\Балтика\Невская\осц_Невская_10.2012,2012-07-24_13.44.28.rdf,0
118,//vault2/Бесконтактная техника/1 ОБТ\АКТЫ обслуживания ТАВР\Обслуживание 2012\Балтика\Невская\осц_Невская_10.2012,2012-07-24_13.46.24.rdf,0
119,//vault2/Бесконтактная техника/1 ОБТ\АКТЫ обслуживания ТАВР\Обслуживание 2012\Балтика\Невская\осц_Невская_10.2012,2012-10-26_15.23.31.rdf,0
120,//vault2/Бесконтактная техника/1 ОБТ\АКТЫ обслуживания ТАВР\Обслуживание 2012\Балтика\Песь\осц_Песь,2012-10-26_03.17.16.rdf,0
121,//vault2/Бесконтактная техника/1 ОБТ\АКТЫ обслуживания ТАВР\Обслуживание 2012\Балтика\Песь\осц_Песь,2012-11-01_09.18.48.rdf,0
122,//vault2/Бесконтактная техника/1 ОБТ\АКТЫ обслуживания ТАВР\Обслуживание 2012\Балтика\Песь\осц_Песь,2012-11-20_11.50.47.rdf,0
123,//vault2/Бесконтактная техника/1 ОБТ\АКТЫ обслуживания ТАВР\Обслуживание 2012\Балтика\Правдино\осциллограммы правдино,2012-02-09_09.48.47.rdf,0
124,//vault2/Бесконтактная техника/1 ОБТ\АКТЫ обслуживания ТАВР\Обслуживание 2012\Балтика\Правдино\осциллограммы правдино,2012-02-14_12.45.41.rdf,0
125,//vault2/Бесконтактная техника/1 ОБТ\АКТЫ обслуживания ТАВР\Обслуживание 2012\Балтика\Правдино\осциллограммы правдино,2012-02-14_12.52.50.rdf,0
126,//vault2/Бесконтактная техника/1 ОБТ\АКТЫ обслуживания ТАВР\Обслуживание 2012\Балтика\Сестрорецкая\осц_Сестрорецкая,2012-07-17_16.44.04.rdf,0
127,//vault2/Бесконтактная техника/1 ОБТ\АКТЫ обслуживания ТАВР\Обслуживание 2012\Балтика\Сестрорецкая\осц_Сестрорецкая,2012-07-24_13.32.15.rdf,0
128,//vault2/Бесконтактная техника/1 ОБТ\АКТЫ обслуживания ТАВР\Обслуживание 2012\Балтика\Сестрорецкая\осц_Сестрорецкая,2012-07-24_13.34.30.rdf,0
129,//vault2/Бесконтактная техника/1 ОБТ\АКТЫ обслуживания ТАВР\Обслуживание 2012\Балтика\Ярославль-3\осциллограммы ярославль3,2011-09-19_08.41.59.rdf,0
130,//vault2/Бесконтактная техника/1 ОБТ\АКТЫ обслуживания ТАВР\Обслуживание 2012\Балтика\Ярославль-3\осциллограммы ярославль3,2012-02-14_12.01.20.rdf,0
131,//vault2/Бесконтактная техника/1 ОБТ\АКТЫ обслуживания ТАВР\Обслуживание 2012\Балтика\Ярославль-3\осциллограммы ярославль3,2012-02-14_12.03.15.rdf,0
132,//vault2/Бесконтактная техника/1 ОБТ\АКТЫ обслуживания ТАВР\Обслуживание 2012\Камтэкс\Осциллограммы,2012-09-09_21.12.01(откл.тр-ра по диф.защ.).rdf,0
133,//vault2/Бесконтактная техника/1 ОБТ\АКТЫ обслуживания ТАВР\Обслуживание 2012\Камтэкс\Осциллограммы,2012-10-26_09.44.00(хх.откл ТР1).rdf,0
134,//vault2/Бесконтактная техника/1 ОБТ\АКТЫ обслуживания ТАВР\Обслуживание 2012\Камтэкс\Осциллограммы,2012-10-26_09.49.42хх.отклТР2).rdf,0
135,//vault2/Бесконтактная техника/1 ОБТ\АКТЫ обслуживания ТАВР\Обслуживание 2012\Камтэкс\Осциллограммы,"2012-10-27_10.37.40(нагр.4СШ,откл.Тр2).rdf",0
136,//vault2/Бесконтактная техника/1 ОБТ\АКТЫ обслуживания ТАВР\Обслуживание 2012\Камтэкс\Осциллограммы,"2012-10-27_10.42.10(нагр.4СШ,откл.Тр1).rdf",0
137,//vault2/Бесконтактная техника/1 ОБТ\АКТЫ обслуживания ТАВР\Обслуживание 2012\Камтэкс\Осциллограммы,2012-10-27_10.43.54.rdf,0
138,//vault2/Бесконтактная техника/1 ОБТ\АКТЫ обслуживания ТАВР\Обслуживание 2012\Камтэкс\Осциллограммы,"2012-10-27_11.13.45(нагр.2,4СШ,откл.Тр1).rdf",0
139,//vault2/Бесконтактная техника/1 ОБТ\АКТЫ обслуживания ТАВР\Обслуживание 2012\Камтэкс\Осциллограммы,"2012-10-27_11.18.00(нагр.2,4СШ,откл.Тр1).rdf",0
140,//vault2/Бесконтактная техника/1 ОБТ\АКТЫ обслуживания ТАВР\Обслуживание 2012\Камтэкс\Осциллограммы,"2012-10-27_11.21.11(нагр.2СШ,откл.Тр2.rdf",0
141,//vault2/Бесконтактная техника/1 ОБТ\АКТЫ обслуживания ТАВР\Обслуживание 2012\Камтэкс\Осциллограммы,"2012-10-27_11.25.30(нагр.2СШ,откл.Тр1.rdf",0
142,//vault2/Бесконтактная техника/1 ОБТ\АКТЫ обслуживания ТАВР\Обслуживание 2012\Северные\Грязовец,2012-11-07_09.18.14.rdf,0
143,//vault2/Бесконтактная техника/1 ОБТ\АКТЫ обслуживания ТАВР\Обслуживание 2012\Северные\Грязовец,2012-11-27_13.48.08.rdf,0
144,//vault2/Бесконтактная техника/1 ОБТ\АКТЫ обслуживания ТАВР\Обслуживание 2012\Северные\Грязовец,2012-11-27_13.53.30.rdf,0
145,//vault2/Бесконтактная техника/1 ОБТ\АКТЫ обслуживания ТАВР\Обслуживание 2012\Северные\Печора,2012-08-27_08.21.25.rdf,0
146,//vault2/Бесконтактная техника/1 ОБТ\АКТЫ обслуживания ТАВР\Обслуживание 2012\Северные\Печора,2012-09-10_11.56.21.rdf,0
147,//vault2/Бесконтактная техника/1 ОБТ\АКТЫ обслуживания ТАВР\Обслуживание 2012\Северные\Печора,2012-10-13_11.38.13.rdf,0
148,//vault2/Бесконтактная техника/1 ОБТ\АКТЫ обслуживания ТАВР\Обслуживание 2012\Северные\Таежная,2011-06-25_08.20.43.rdf,0
149,//vault2/Бесконтактная техника/1 ОБТ\АКТЫ обслуживания ТАВР\Обслуживание 2012\Северные\Таежная,2011-07-20_04.08.34.rdf,0
150,//vault2/Бесконтактная техника/1 ОБТ\АКТЫ обслуживания ТАВР\Обслуживание 2012\Северные\Таежная,2011-07-24_09.37.45.rdf,0
151,//vault2/Бесконтактная техника/1 ОБТ\АКТЫ обслуживания ТАВР\Обслуживание 2012\Северные\Таежная,2012-07-04_14.43.19.rdf,0
152,//vault2/Бесконтактная техника/1 ОБТ\АКТЫ обслуживания ТАВР\Обслуживание 2012\Северные\Таежная,2012-09-23_06.15.30.rdf,0
153,//vault2/Бесконтактная техника/1 ОБТ\АКТЫ обслуживания ТАВР\Обслуживание 2012\Северные\Таежная,2012-10-25_06.46.15.rdf,0
154,//vault2/Бесконтактная техника/1 ОБТ\АКТЫ обслуживания ТАВР\Обслуживание 2012\Северные\Урдома,2012-11-06_21.55.27.rdf,0
155,//vault2/Бесконтактная техника/1 ОБТ\АКТЫ обслуживания ТАВР\Обслуживание 2012\Северные\Урдома,2012-11-07_06.38.29.rdf,0
156,//vault2/Бесконтактная техника/1 ОБТ\АКТЫ обслуживания ТАВР\Обслуживание 2012\Северные\Урдома,2012-11-12_14.40.43.rdf,0
157,//vault2/Бесконтактная техника/1 ОБТ\АКТЫ обслуживания ТАВР\Обслуживание 2012\Северные\Уса,2012-08-09_09.46.12.rdf,0
158,//vault2/Бесконтактная техника/1 ОБТ\АКТЫ обслуживания ТАВР\Обслуживание 2012\Северные\Уса,2012-08-09_09.53.00.rdf,0
159,//vault2/Бесконтактная техника/1 ОБТ\АКТЫ обслуживания ТАВР\Обслуживание 2013\Балтика\Невская\2014 до доработки,2014-01-21_11.40.05.rdf,0
160,//vault2/Бесконтактная техника/1 ОБТ\АКТЫ обслуживания ТАВР\Обслуживание 2013\Балтика\Невская\2014 до доработки,2014-01-21_11.41.49.rdf,0
161,//vault2/Бесконтактная техника/1 ОБТ\АКТЫ обслуживания ТАВР\Обслуживание 2013\Балтика\Невская\2014 после доработки,2014-01-29_11.25.15.rdf,0
162,//vault2/Бесконтактная техника/1 ОБТ\АКТЫ обслуживания ТАВР\Обслуживание 2013\Балтика\Невская\2014 после доработки,2014-01-29_11.26.38.rdf,0
163,//vault2/Бесконтактная техника/1 ОБТ\АКТЫ обслуживания ТАВР\Обслуживание 2013\Балтика\Невская\осц_Невская_02.2013,2012-10-26_15.23.31.rdf,0
164,//vault2/Бесконтактная техника/1 ОБТ\АКТЫ обслуживания ТАВР\Обслуживание 2013\Балтика\Невская\осц_Невская_02.2013,2013-02-12_11.30.09.rdf,0
165,//vault2/Бесконтактная техника/1 ОБТ\АКТЫ обслуживания ТАВР\Обслуживание 2013\Балтика\Невская\осц_Невская_02.2013,2013-02-12_11.31.52.rdf,0
166,//vault2/Бесконтактная техника/1 ОБТ\АКТЫ обслуживания ТАВР\Обслуживание 2013\Балтика\Невская\осц_Невская_02.2013,2013-08-13_11.43.57.rdf,0
167,//vault2/Бесконтактная техника/1 ОБТ\АКТЫ обслуживания ТАВР\Обслуживание 2013\Балтика\Невская\осц_Невская_02.2013,2013-08-20_10.43.26.rdf,0
168,//vault2/Бесконтактная техника/1 ОБТ\АКТЫ обслуживания ТАВР\Обслуживание 2013\Балтика\Невская\осц_Невская_02.2013,2013-08-20_10.47.00.rdf,0
169,//vault2/Бесконтактная техника/1 ОБТ\АКТЫ обслуживания ТАВР\Обслуживание 2013\Балтика\Невская\осц_Невская_02.2013\испытания,2013-02-19_11.33.07.rdf,0
170,//vault2/Бесконтактная техника/1 ОБТ\АКТЫ обслуживания ТАВР\Обслуживание 2013\Балтика\Невская\осц_Невская_02.2013\испытания,2013-02-19_11.35.21.rdf,0
171,//vault2/Бесконтактная техника/1 ОБТ\АКТЫ обслуживания ТАВР\Обслуживание 2013\Балтика\Сестрорецкая,2014-01-29_12.13.11.rdf,0
172,//vault2/Бесконтактная техника/1 ОБТ\АКТЫ обслуживания ТАВР\Обслуживание 2013\Балтика\Сестрорецкая,2014-01-29_12.16.13.rdf,0
173,//vault2/Бесконтактная техника/1 ОБТ\АКТЫ обслуживания ТАВР\Обслуживание 2013\Дружба\Кижеватово\кижеватово-1,2013-06-24_08.01.36.rdf,0
174,//vault2/Бесконтактная техника/1 ОБТ\АКТЫ обслуживания ТАВР\Обслуживание 2013\Дружба\Кижеватово\кижеватово-1,2013-07-07_17.12.53.rdf,0
175,//vault2/Бесконтактная техника/1 ОБТ\АКТЫ обслуживания ТАВР\Обслуживание 2013\Дружба\Кижеватово\кижеватово-1,2013-07-07_17.39.41.rdf,0
176,//vault2/Бесконтактная техника/1 ОБТ\АКТЫ обслуживания ТАВР\Обслуживание 2013\Дружба\Кижеватово\кижеватово-1,2013-09-03_11.23.59.rdf,0
177,//vault2/Бесконтактная техника/1 ОБТ\АКТЫ обслуживания ТАВР\Обслуживание 2013\Дружба\Кижеватово\кижеватово-1,2013-09-03_11.25.17.rdf,0
178,//vault2/Бесконтактная техника/1 ОБТ\АКТЫ обслуживания ТАВР\Обслуживание 2013\Дружба\Кижеватово\кижеватово-1,2013-09-03_11.58.51.rdf,0
179,//vault2/Бесконтактная техника/1 ОБТ\АКТЫ обслуживания ТАВР\Обслуживание 2013\Дружба\Кижеватово\кижеватово-1,2013-09-03_12.00.57.rdf,0
180,//vault2/Бесконтактная техника/1 ОБТ\АКТЫ обслуживания ТАВР\Обслуживание 2013\Дружба\Кижеватово\кижеватово-2,2013-08-12_06.44.56.rdf,0
181,//vault2/Бесконтактная техника/1 ОБТ\АКТЫ обслуживания ТАВР\Обслуживание 2013\Дружба\Кижеватово\кижеватово-2,2013-08-12_06.53.04.rdf,0
182,//vault2/Бесконтактная техника/1 ОБТ\АКТЫ обслуживания ТАВР\Обслуживание 2013\Дружба\Кижеватово\кижеватово-2,2013-08-17_17.31.26.rdf,0
183,//vault2/Бесконтактная техника/1 ОБТ\АКТЫ обслуживания ТАВР\Обслуживание 2013\Дружба\Клин\клин1 осц,2013-06-19_15.50.02.rdf,0
184,//vault2/Бесконтактная техника/1 ОБТ\АКТЫ обслуживания ТАВР\Обслуживание 2013\Дружба\Клин\клин1 осц,2013-07-10_10.51.38.rdf,0
185,//vault2/Бесконтактная техника/1 ОБТ\АКТЫ обслуживания ТАВР\Обслуживание 2013\Дружба\Клин\клин1 осц,2013-08-03_15.42.33.rdf,0
186,//vault2/Бесконтактная техника/1 ОБТ\АКТЫ обслуживания ТАВР\Обслуживание 2013\Дружба\Клин\клин2 осц,2013-08-03_15.38.39.rdf,0
187,//vault2/Бесконтактная техника/1 ОБТ\АКТЫ обслуживания ТАВР\Обслуживание 2013\Дружба\Клин\клин2 осц,2013-08-21_13.50.25.rdf,0
188,//vault2/Бесконтактная техника/1 ОБТ\АКТЫ обслуживания ТАВР\Обслуживание 2013\Дружба\Клин\клин2 осц,2013-08-21_13.51.21.rdf,0
189,//vault2/Бесконтактная техника/1 ОБТ\АКТЫ обслуживания ТАВР\Обслуживание 2013\Дружба\Красноселки,2013-07-29_09.34.52.rdf,0
190,//vault2/Бесконтактная техника/1 ОБТ\АКТЫ обслуживания ТАВР\Обслуживание 2013\Дружба\Красноселки,2013-07-29_16.57.30.rdf,0
191,//vault2/Бесконтактная техника/1 ОБТ\АКТЫ обслуживания ТАВР\Обслуживание 2013\Дружба\Красноселки,2013-07-29_17.54.04.rdf,0
192,//vault2/Бесконтактная техника/1 ОБТ\АКТЫ обслуживания ТАВР\Обслуживание 2013\Дружба\Красноселки,2013-07-29_18.07.49.rdf,0
193,//vault2/Бесконтактная техника/1 ОБТ\АКТЫ обслуживания ТАВР\Обслуживание 2013\Дружба\Красноселки,2013-07-29_18.18.44.rdf,0
194,//vault2/Бесконтактная техника/1 ОБТ\АКТЫ обслуживания ТАВР\Обслуживание 2013\Дружба\Кузнецк\кузнецк-1,2013-03-17_11.10.36.rdf,0
195,//vault2/Бесконтактная техника/1 ОБТ\АКТЫ обслуживания ТАВР\Обслуживание 2013\Дружба\Кузнецк\кузнецк-1,2013-06-24_07.46.31.rdf,0
196,//vault2/Бесконтактная техника/1 ОБТ\АКТЫ обслуживания ТАВР\Обслуживание 2013\Дружба\Кузнецк\кузнецк-1,2013-06-24_07.55.36.rdf,0
197,//vault2/Бесконтактная техника/1 ОБТ\АКТЫ обслуживания ТАВР\Обслуживание 2013\Дружба\Кузнецк\кузнецк-2,2013-04-26_15.03.17.rdf,0
198,//vault2/Бесконтактная техника/1 ОБТ\АКТЫ обслуживания ТАВР\Обслуживание 2013\Дружба\Кузнецк\кузнецк-2,2013-04-26_15.53.03.rdf,0
199,//vault2/Бесконтактная техника/1 ОБТ\АКТЫ обслуживания ТАВР\Обслуживание 2013\Дружба\Кузнецк\кузнецк-2,2013-05-14_22.57.40.rdf,0
200,//vault2/Бесконтактная техника/1 ОБТ\АКТЫ обслуживания ТАВР\Обслуживание 2013\Дружба\Сызрань,2013-06-25_11.43.23.rdf,0
201,//vault2/Бесконтактная техника/1 ОБТ\АКТЫ обслуживания ТАВР\Обслуживание 2013\Дружба\Сызрань,2013-06-25_11.55.44.rdf,0
202,//vault2/Бесконтактная техника/1 ОБТ\АКТЫ обслуживания ТАВР\Обслуживание 2013\Дружба\Сызрань,2013-07-23_10.43.23.rdf,0
203,//vault2/Бесконтактная техника/1 ОБТ\АКТЫ обслуживания ТАВР\Обслуживание 2013\Приволжский\Самара 2-144,2013-03-30_10.32.42.rdf,0
204,//vault2/Бесконтактная техника/1 ОБТ\АКТЫ обслуживания ТАВР\Обслуживание 2013\Приволжский\Самара 2-144,2013-07-27_09.45.47.rdf,0
205,//vault2/Бесконтактная техника/1 ОБТ\АКТЫ обслуживания ТАВР\Обслуживание 2013\Приволжский\Самара 2-144,2013-08-06_09.42.02.rdf,0
206,//vault2/Бесконтактная техника/1 ОБТ\АКТЫ обслуживания ТАВР\Обслуживание 2013\Приволжский\Самара 2-144,2013-08-06_09.49.44.rdf,0
207,//vault2/Бесконтактная техника/1 ОБТ\АКТЫ обслуживания ТАВР\Обслуживание 2013\Приволжский\Самара 2-145,2013-03-30_10.24.49.rdf,0
208,//vault2/Бесконтактная техника/1 ОБТ\АКТЫ обслуживания ТАВР\Обслуживание 2013\Приволжский\Самара 2-145,2013-04-17_07.37.58.rdf,0
209,//vault2/Бесконтактная техника/1 ОБТ\АКТЫ обслуживания ТАВР\Обслуживание 2013\Приволжский\Самара 2-145,2013-07-27_09.36.44.rdf,0
210,//vault2/Бесконтактная техника/1 ОБТ\АКТЫ обслуживания ТАВР\Обслуживание 2013\Приволжский\Самара 2-145,2013-08-06_10.04.58.rdf,0
211,//vault2/Бесконтактная техника/1 ОБТ\АКТЫ обслуживания ТАВР\Обслуживание 2013\СЗМН\Ковали\2013_осц_Ковали,2013-11-19_14.07.02.rdf,0
212,//vault2/Бесконтактная техника/1 ОБТ\АКТЫ обслуживания ТАВР\Обслуживание 2013\СЗМН\Ковали\2013_осц_Ковали,2013-11-19_18.16.31.rdf,0
213,//vault2/Бесконтактная техника/1 ОБТ\АКТЫ обслуживания ТАВР\Обслуживание 2013\СЗМН\Ковали\2013_осц_Ковали,2013-11-26_10.33.57.rdf,0
214,//vault2/Бесконтактная техника/1 ОБТ\АКТЫ обслуживания ТАВР\Обслуживание 2013\СЗМН\Пермь 3,2012-11-29_13.41.52.rdf,0
215,//vault2/Бесконтактная техника/1 ОБТ\АКТЫ обслуживания ТАВР\Обслуживание 2013\УралСиб\Субханкулово №76\Авария,2014-03-21_08.42.15.rdf,0
216,//vault2/Бесконтактная техника/1 ОБТ\АКТЫ обслуживания ТАВР\Обслуживание 2013\Центросиб\Орловка,2013-03-26_11.15.38.rdf,0
217,//vault2/Бесконтактная техника/1 ОБТ\АКТЫ обслуживания ТАВР\Обслуживание 2013\Центросиб\Орловка,2013-03-29_14.05.04.rdf,0
218,//vault2/Бесконтактная техника/1 ОБТ\АКТЫ обслуживания ТАВР\Обслуживание 2013\Центросиб\Орловка,2013-03-29_15.11.40.rdf,0
219,//vault2/Бесконтактная техника/1 ОБТ\АКТЫ обслуживания ТАВР\Обслуживание 2014\Дальнефтепровод\НПС-38,2014-09-12_14.57.31.rdf,0
220,//vault2/Бесконтактная техника/1 ОБТ\АКТЫ обслуживания ТАВР\Обслуживание 2014\Дальнефтепровод\НПС-38,2014-09-12_15.03.12.rdf,0
221,//vault2/Бесконтактная техника/1 ОБТ\АКТЫ обслуживания ТАВР\Обслуживание 2014\Козьмино\2014.08_осц_БиПС_Козьмино,2011-05-31_10.27.58.rdf,0
222,//vault2/Бесконтактная техника/1 ОБТ\АКТЫ обслуживания ТАВР\Обслуживание 2014\Козьмино\2014.08_осц_БиПС_Козьмино,2013-10-15_12.19.09.rdf,0
223,//vault2/Бесконтактная техника/1 ОБТ\АКТЫ обслуживания ТАВР\Обслуживание 2014\Козьмино\2014.08_осц_БиПС_Козьмино,2013-10-15_12.20.44.rdf,0
224,//vault2/Бесконтактная техника/1 ОБТ\АКТЫ обслуживания ТАВР\Обслуживание 2014\Козьмино\2014.08_осц_БиПС_Козьмино,2014-08-29_12.31.08.rdf,0
225,//vault2/Бесконтактная техника/1 ОБТ\АКТЫ обслуживания ТАВР\Обслуживание 2014\Козьмино\2014.08_осц_БиПС_Козьмино,2014-08-29_12.32.04.rdf,0
226,//vault2/Бесконтактная техника/1 ОБТ\АКТЫ обслуживания ТАВР\Обслуживание 2014\Козьмино\2014.08_осц_ЖД_Козьмино,2014-05-05_18.46.47.rdf,0
227,//vault2/Бесконтактная техника/1 ОБТ\АКТЫ обслуживания ТАВР\Обслуживание 2014\Козьмино\2014.08_осц_ЖД_Козьмино,2014-07-16_19.06.11.rdf,0
228,//vault2/Бесконтактная техника/1 ОБТ\АКТЫ обслуживания ТАВР\Обслуживание 2014\Козьмино\2014.08_осц_ЖД_Козьмино,2014-07-18_07.04.47.rdf,0
229,//vault2/Бесконтактная техника/1 ОБТ\АКТЫ обслуживания ТАВР\Обслуживание 2014\Козьмино\2014.08_осц_НБ_Козьмино,2014-07-02_10.41.48.rdf,0
230,//vault2/Бесконтактная техника/1 ОБТ\АКТЫ обслуживания ТАВР\Обслуживание 2014\Козьмино\2014.08_осц_НБ_Козьмино,2014-07-11_09.00.17.rdf,0
231,//vault2/Бесконтактная техника/1 ОБТ\АКТЫ обслуживания ТАВР\Обслуживание 2014\Козьмино\2014.08_осц_НБ_Козьмино,2014-07-16_18.53.22.rdf,0
232,//vault2/Бесконтактная техника/1 ОБТ\АКТЫ обслуживания ТАВР\Обслуживание 2014\Козьмино\2014.08_осц_НБ_Козьмино,2014-08-29_11.29.38.rdf,0
233,//vault2/Бесконтактная техника/1 ОБТ\АКТЫ обслуживания ТАВР\Обслуживание 2014\Козьмино\2014.08_осц_НБ_Козьмино,2014-08-29_11.39.45.rdf,0
234,//vault2/Бесконтактная техника/1 ОБТ\АКТЫ обслуживания ТАВР\Обслуживание 2014\Козьмино\2014.08_осц_ППН_Козьмино,2014-07-16_19.02.24.rdf,0
235,//vault2/Бесконтактная техника/1 ОБТ\АКТЫ обслуживания ТАВР\Обслуживание 2014\Козьмино\2014.08_осц_ППН_Козьмино,2014-07-18_07.01.02.rdf,0
236,//vault2/Бесконтактная техника/1 ОБТ\АКТЫ обслуживания ТАВР\Обслуживание 2014\Козьмино\2014.08_осц_ППН_Козьмино,2014-08-25_14.32.57.rdf,0
237,//vault2/Бесконтактная техника/1 ОБТ\АКТЫ обслуживания ТАВР\Обслуживание 2014\Козьмино\2014.08_осц_ППН_Козьмино,2014-08-27_15.23.14.rdf,0
238,//vault2/Бесконтактная техника/1 ОБТ\АКТЫ обслуживания ТАВР\Обслуживание 2014\Козьмино\2014.08_осц_ППН_Козьмино,2014-08-29_15.35.34.rdf,0
239,//vault2/Бесконтактная техника/1 ОБТ\АКТЫ обслуживания ТАВР\Обслуживание 2014\Козьмино\2014.08_осц_ППН_Козьмино,2014-08-29_15.36.44.rdf,0
240,//vault2/Бесконтактная техника/1 ОБТ\АКТЫ обслуживания ТАВР\Обслуживание 2014\Комтэкс Пермь,2014-09-26_14.02.17.rdf,0
241,//vault2/Бесконтактная техника/1 ОБТ\АКТЫ обслуживания ТАВР\Обслуживание 2014\Комтэкс Пермь,2014-09-26_14.07.16.rdf,0
242,//vault2/Бесконтактная техника/1 ОБТ\АКТЫ обслуживания ТАВР\Обслуживание 2014\Северные\Грязовец,2014-08-28_13 07 29.rdf,0
243,//vault2/Бесконтактная техника/1 ОБТ\АКТЫ обслуживания ТАВР\Обслуживание 2015\Козьмино\2015_осц_БиПС,2014-08-29_12.32.04.rdf,0
244,//vault2/Бесконтактная техника/1 ОБТ\АКТЫ обслуживания ТАВР\Обслуживание 2015\Козьмино\2015_осц_БиПС,2015-03-26_17.43.44.rdf,0
245,//vault2/Бесконтактная техника/1 ОБТ\АКТЫ обслуживания ТАВР\Обслуживание 2015\Козьмино\2015_осц_БиПС,2015-03-26_17.44.47.rdf,0
246,//vault2/Бесконтактная техника/1 ОБТ\АКТЫ обслуживания ТАВР\Обслуживание 2015\Козьмино\2015_осц_НБ,2015-03-26_16.41.00.rdf,0
247,//vault2/Бесконтактная техника/1 ОБТ\АКТЫ обслуживания ТАВР\Обслуживание 2015\Козьмино\2015_осц_НБ,2015-06-09_06.01.37.rdf,0
248,//vault2/Бесконтактная техника/1 ОБТ\АКТЫ обслуживания ТАВР\Обслуживание 2015\Козьмино\2015_осц_НБ,2015-06-09_06.11.20.rdf,0
249,//vault2/Бесконтактная техника/1 ОБТ\АКТЫ обслуживания ТАВР\Обслуживание 2015\Козьмино\2015_осц_ПЖДЭ,2015-04-07_17.07.04.rdf,0
250,//vault2/Бесконтактная техника/1 ОБТ\АКТЫ обслуживания ТАВР\Обслуживание 2015\Козьмино\2015_осц_ПЖДЭ,2015-06-09_06.05.32.rdf,0
251,//vault2/Бесконтактная техника/1 ОБТ\АКТЫ обслуживания ТАВР\Обслуживание 2015\Козьмино\2015_осц_ПЖДЭ,2015-06-09_06.15.15.rdf,0
252,//vault2/Бесконтактная техника/1 ОБТ\АКТЫ обслуживания ТАВР\Обслуживание 2015\Козьмино\2015_осц_ППН,2015-03-27_15.43.15.rdf,0
253,//vault2/Бесконтактная техника/1 ОБТ\АКТЫ обслуживания ТАВР\Обслуживание 2015\Козьмино\2015_осц_ППН,2015-03-27_15.45.08.rdf,0
254,//vault2/Бесконтактная техника/1 ОБТ\АКТЫ обслуживания ТАВР\Обслуживание 2015\Козьмино\2015_осц_ППН,2015-03-27_15.53.08.rdf,0
255,//vault2/Бесконтактная техника/1 ОБТ\АКТЫ обслуживания ТАВР\Обслуживание 2015\Козьмино\2015_осц_ППН\испытания во время ТО 2015,2015-06-19_11.16.40.rdf,0
256,//vault2/Бесконтактная техника/1 ОБТ\АКТЫ обслуживания ТАВР\Обслуживание 2015\Козьмино\2015_осц_ППН\испытания во время ТО 2015,2015-06-19_11.17.45.rdf,0
257,//vault2/Бесконтактная техника/1 ОБТ\АКТЫ обслуживания ТАВР\Обслуживание 2017\Камтэкс-Химпром\2017.09__Камтэкс_осц\Были в памяти,2017-04-11_17.13.25.rdf,0
258,//vault2/Бесконтактная техника/1 ОБТ\АКТЫ обслуживания ТАВР\Обслуживание 2017\Камтэкс-Химпром\2017.09__Камтэкс_осц\Были в памяти,2017-04-25_08.49.49.rdf,0
259,//vault2/Бесконтактная техника/1 ОБТ\АКТЫ обслуживания ТАВР\Обслуживание 2017\Камтэкс-Химпром\2017.09__Камтэкс_осц\Были в памяти,2017-04-28_00.03.55.rdf,0
260,//vault2/Бесконтактная техника/1 ОБТ\АКТЫ обслуживания ТАВР\Обслуживание 2017\Камтэкс-Химпром\2017.09__Камтэкс_осц\Испытания после ТО,2017-09-16_10.05.24.rdf,0
261,//vault2/Бесконтактная техника/1 ОБТ\АКТЫ обслуживания ТАВР\Обслуживание 2017\Камтэкс-Химпром\2017.09__Камтэкс_осц\Испытания после ТО,2017-09-16_10.09.24.rdf,0
262,//vault2/Бесконтактная техника/1 ОБТ\АКТЫ обслуживания ТАВР\Обслуживание 2017\Транснефть-Восток\нпс-4,2017-03-17_13.53.10.rdf,0
263,//vault2/Бесконтактная техника/1 ОБТ\АКТЫ обслуживания ТАВР\Обслуживание 2017\Транснефть-Восток\нпс-4,2017-09-12_09.34.42.rdf,0
264,//vault2/Бесконтактная техника/1 ОБТ\АКТЫ обслуживания ТАВР\Обслуживание 2017\Транснефть-Восток\нпс-4,2017-09-12_09.41.54.rdf,0
265,//vault2/Бесконтактная техника/1 ОБТ\АКТЫ обслуживания ТАВР\Обслуживание 2017\Транснефть-Восток\нпс-8,2017-03-31_11.58.34.rdf,0
266,//vault2/Бесконтактная техника/1 ОБТ\АКТЫ обслуживания ТАВР\Обслуживание 2017\Транснефть-Восток\нпс-8,2017-04-28_12.21.02.rdf,0
267,//vault2/Бесконтактная техника/1 ОБТ\АКТЫ обслуживания ТАВР\Обслуживание 2017\Транснефть-Восток\нпс-8,2017-06-08_18.18.54.rdf,0
268,//vault2/Бесконтактная техника/1 ОБТ\АКТЫ обслуживания ТАВР\Обслуживание 2017\Транснефть-Восток\Тайшет,2017-09-13_06.51.01.rdf,0
269,//vault2/Бесконтактная техника/1 ОБТ\АКТЫ обслуживания ТАВР\Обслуживание 2017\Транснефть-Восток\Тайшет,2017-09-15_13.13.54.rdf,0
270,//vault2/Бесконтактная техника/1 ОБТ\АКТЫ обслуживания ТАВР\Обслуживание 2017\Транснефть-Восток\Тайшет,2017-09-15_13.24.17.rdf,0
271,//vault2/Бесконтактная техника/1 ОБТ\АКТЫ обслуживания ТАВР\Обслуживание 2017\Транснефть-Восток\тайшетская,2017-09-13_01.58.07.rdf,0
272,//vault2/Бесконтактная техника/1 ОБТ\АКТЫ обслуживания ТАВР\Обслуживание 2017\Транснефть-Восток\тайшетская,2017-09-19_05.35.06.rdf,0
273,//vault2/Бесконтактная техника/1 ОБТ\АКТЫ обслуживания ТАВР\Обслуживание 2017\Транснефть-Восток\тайшетская,2017-09-19_05.54.06.rdf,0
274,//vault2/Бесконтактная техника/1 ОБТ\АКТЫ обслуживания ТАВР\Обслуживание 2017\Транснефть-Восток\тулунская,2016-07-15_16.13.55.rdf,0
275,//vault2/Бесконтактная техника/1 ОБТ\АКТЫ обслуживания ТАВР\Обслуживание 2017\Транснефть-Восток\тулунская,2016-12-14_06.16.52.rdf,0
276,//vault2/Бесконтактная техника/1 ОБТ\АКТЫ обслуживания ТАВР\Обслуживание 2017\Транснефть-Восток\тулунская,2016-12-18_04.26.58.rdf,0
277,"//vault2/Бесконтактная техника/1 ОБТ\АКТЫ обслуживания ТАВР\Обслуживание 2017\Транснефть-Приволга\Самара-2\2017_осц. Самара-2, 25 яч, ТАВР 144",2017-03-21_10.05.11.rdf,0
278,"//vault2/Бесконтактная техника/1 ОБТ\АКТЫ обслуживания ТАВР\Обслуживание 2017\Транснефть-Приволга\Самара-2\2017_осц. Самара-2, 25 яч, ТАВР 144",2017-04-30_04.55.12.rdf,0
279,"//vault2/Бесконтактная техника/1 ОБТ\АКТЫ обслуживания ТАВР\Обслуживание 2017\Транснефть-Приволга\Самара-2\2017_осц. Самара-2, 25 яч, ТАВР 144",2017-05-26_21.29.57.rdf,0
280,"//vault2/Бесконтактная техника/1 ОБТ\АКТЫ обслуживания ТАВР\Обслуживание 2017\Транснефть-Приволга\Самара-2\2017_осц. Самара-2, 32 яч, ТАВР 145",2017-04-30_04.45.03.rdf,0
281,"//vault2/Бесконтактная техника/1 ОБТ\АКТЫ обслуживания ТАВР\Обслуживание 2017\Транснефть-Приволга\Самара-2\2017_осц. Самара-2, 32 яч, ТАВР 145",2017-05-26_21.19.32.rdf,0
282,"//vault2/Бесконтактная техника/1 ОБТ\АКТЫ обслуживания ТАВР\Обслуживание 2017\Транснефть-Приволга\Самара-2\2017_осц. Самара-2, 32 яч, ТАВР 145",2017-06-28_05.03.29.rdf,0
283,"//vault2/Бесконтактная техника/1 ОБТ\АКТЫ обслуживания ТАВР\Обслуживание 2017\Транснефть-Приволга\Самара-2\2017_осц. Самара-2, 32 яч, ТАВР 145",2017-07-20_14.15.06.rdf,0
284,"//vault2/Бесконтактная техника/1 ОБТ\АКТЫ обслуживания ТАВР\Обслуживание 2017\Транснефть-Приволга\Самара-2\2017_осц. Самара-2, 32 яч, ТАВР 145",2017-07-20_14.18.29.rdf,0
285,//vault2/Бесконтактная техника/1 ОБТ\АКТЫ обслуживания ТАВР\Обслуживание 2018\Транснефть-Верхняя Волга\Балахониха,2017-08-30_13.44.02.rdf,0
286,//vault2/Бесконтактная техника/1 ОБТ\АКТЫ обслуживания ТАВР\Обслуживание 2018\Транснефть-Верхняя Волга\Балахониха,2018-03-22_09.43.04.rdf,0
287,//vault2/Бесконтактная техника/1 ОБТ\АКТЫ обслуживания ТАВР\Обслуживание 2018\Транснефть-Верхняя Волга\Балахониха,2018-03-22_09.44.42.rdf,0
288,//vault2/Бесконтактная техника/1 ОБТ\АКТЫ обслуживания ТАВР\Обслуживание 2018\Транснефть-Верхняя Волга\В.Волга внеплан.ТО 18г\Горький+\122_3-4,2017-10-06_12.45.57.rdf,0
289,//vault2/Бесконтактная техника/1 ОБТ\АКТЫ обслуживания ТАВР\Обслуживание 2018\Транснефть-Верхняя Волга\В.Волга внеплан.ТО 18г\Горький+\122_3-4,2018-02-21_13.39.19.rdf,0
290,//vault2/Бесконтактная техника/1 ОБТ\АКТЫ обслуживания ТАВР\Обслуживание 2018\Транснефть-Верхняя Волга\В.Волга внеплан.ТО 18г\Горький+\122_3-4,2018-02-21_13.42.14.rdf,0
291,//vault2/Бесконтактная техника/1 ОБТ\АКТЫ обслуживания ТАВР\Обслуживание 2018\Транснефть-Верхняя Волга\В.Волга внеплан.ТО 18г\Горький+\81_1-2,2018-02-21_07.14.56.rdf,0
292,//vault2/Бесконтактная техника/1 ОБТ\АКТЫ обслуживания ТАВР\Обслуживание 2018\Транснефть-Верхняя Волга\В.Волга внеплан.ТО 18г\Горький+\81_1-2,2018-02-21_13.40.17.rdf,0
293,//vault2/Бесконтактная техника/1 ОБТ\АКТЫ обслуживания ТАВР\Обслуживание 2018\Транснефть-Верхняя Волга\В.Волга внеплан.ТО 18г\Горький+\81_1-2,2018-02-21_14.05.20.rdf,0
294,//vault2/Бесконтактная техника/1 ОБТ\АКТЫ обслуживания ТАВР\Обслуживание 2018\Транснефть-Верхняя Волга\В.Волга внеплан.ТО 18г\Горький+\Осц.яч.19,2018-08-02_12.18.18.rdf,0
295,//vault2/Бесконтактная техника/1 ОБТ\АКТЫ обслуживания ТАВР\Обслуживание 2018\Транснефть-Верхняя Волга\В.Волга внеплан.ТО 18г\Горький+\Осц.яч.19,2018-08-14_08.56.22.rdf,0
296,//vault2/Бесконтактная техника/1 ОБТ\АКТЫ обслуживания ТАВР\Обслуживание 2018\Транснефть-Верхняя Волга\В.Волга внеплан.ТО 18г\Горький+\Осц.яч.19,2018-08-14_13.26.53.rdf,0
297,//vault2/Бесконтактная техника/1 ОБТ\АКТЫ обслуживания ТАВР\Обслуживание 2018\Транснефть-Верхняя Волга\В.Волга внеплан.ТО 18г\Горький+\Осц.яч.20,2018-07-19_16.01.43.rdf,0
298,//vault2/Бесконтактная техника/1 ОБТ\АКТЫ обслуживания ТАВР\Обслуживание 2018\Транснефть-Верхняя Волга\В.Волга внеплан.ТО 18г\Горький+\Осц.яч.20,2018-08-02_12.18.47.rdf,0
299,//vault2/Бесконтактная техника/1 ОБТ\АКТЫ обслуживания ТАВР\Обслуживание 2018\Транснефть-Верхняя Волга\В.Волга внеплан.ТО 18г\Горький+\Осц.яч.20,2018-08-14_13.27.29.rdf,0
300,//vault2/Бесконтактная техника/1 ОБТ\АКТЫ обслуживания ТАВР\Обслуживание 2018\Транснефть-Верхняя Волга\В.Волга внеплан.ТО 18г\Горький+\Осц.яч.20,2018-08-21_11.06.05.rdf,0
301,//vault2/Бесконтактная техника/1 ОБТ\АКТЫ обслуживания ТАВР\Обслуживание 2018\Транснефть-Верхняя Волга\В.Волга внеплан.ТО 18г\Неиспр.В.Волга 18\Залесье 2018\Залесье 30.05.18,2018-05-30_11.08.45 (1).rdf,0
302,//vault2/Бесконтактная техника/1 ОБТ\АКТЫ обслуживания ТАВР\Обслуживание 2018\Транснефть-Верхняя Волга\В.Волга внеплан.ТО 18г\Степаньково+,2018-02-16_09.28.06.rdf,0
303,//vault2/Бесконтактная техника/1 ОБТ\АКТЫ обслуживания ТАВР\Обслуживание 2018\Транснефть-Верхняя Волга\В.Волга внеплан.ТО 18г\Степаньково+,2018-02-21_14.31.15.rdf,0
304,//vault2/Бесконтактная техника/1 ОБТ\АКТЫ обслуживания ТАВР\Обслуживание 2018\Транснефть-Верхняя Волга\В.Волга внеплан.ТО 18г\Степаньково+,2018-02-21_14.35.59.rdf,0
305,//vault2/Бесконтактная техника/1 ОБТ\АКТЫ обслуживания ТАВР\Обслуживание 2018\Транснефть-Верхняя Волга\В.Волга внеплан.ТО 18г\Степаньково+,2018-05-30_11.08.45.rdf,0
306,//vault2/Бесконтактная техника/1 ОБТ\АКТЫ обслуживания ТАВР\Обслуживание 2018\Транснефть-Верхняя Волга\В.Волга внеплан.ТО 18г\Степаньково+,2018-06-12_17.53.05.rdf,0
307,//vault2/Бесконтактная техника/1 ОБТ\АКТЫ обслуживания ТАВР\Обслуживание 2018\Транснефть-Верхняя Волга\В.Волга внеплан.ТО 18г\Степаньково+,2018-06-30_17.26.29.rdf,0
308,//vault2/Бесконтактная техника/1 ОБТ\АКТЫ обслуживания ТАВР\Обслуживание 2018\Транснефть-Верхняя Волга\В.Волга внеплан.ТО 18г\Степаньково+\10кВ,2018-02-27_11.34.30.rdf,0
309,//vault2/Бесконтактная техника/1 ОБТ\АКТЫ обслуживания ТАВР\Обслуживание 2018\Транснефть-Верхняя Волга\В.Волга внеплан.ТО 18г\Степаньково+\10кВ,2018-02-27_11.39.43.rdf,0
310,//vault2/Бесконтактная техника/1 ОБТ\АКТЫ обслуживания ТАВР\Обслуживание 2018\Транснефть-Верхняя Волга\В.Волга внеплан.ТО 18г\Степаньково+\10кВ,2018-03-01_14.54.19.rdf,0
311,//vault2/Бесконтактная техника/1 ОБТ\АКТЫ обслуживания ТАВР\Обслуживание 2018\Транснефть-Верхняя Волга\В.Волга внеплан.ТО 18г\Степаньково+\6кВ,2017-08-28_14.29.41.rdf,0
312,//vault2/Бесконтактная техника/1 ОБТ\АКТЫ обслуживания ТАВР\Обслуживание 2018\Транснефть-Верхняя Волга\В.Волга внеплан.ТО 18г\Степаньково+\6кВ,2017-08-28_14.33.06.rdf,0
313,//vault2/Бесконтактная техника/1 ОБТ\АКТЫ обслуживания ТАВР\Обслуживание 2018\Транснефть-Верхняя Волга\В.Волга внеплан.ТО 18г\Степаньково+\6кВ,2017-12-17_20.18.00.rdf,0
314,//vault2/Бесконтактная техника/1 ОБТ\АКТЫ обслуживания ТАВР\Обслуживание 2018\Транснефть-Верхняя Волга\В.Волга внеплан.ТО 18г\Степаньково+\Степаньково 22.08.18,2018-02-27_11.39.43.rdf,0
315,//vault2/Бесконтактная техника/1 ОБТ\АКТЫ обслуживания ТАВР\Обслуживание 2018\Транснефть-Верхняя Волга\В.Волга внеплан.ТО 18г\Степаньково+\Степаньково 22.08.18,2018-03-01_14.54.19.rdf,0
316,//vault2/Бесконтактная техника/1 ОБТ\АКТЫ обслуживания ТАВР\Обслуживание 2018\Транснефть-Верхняя Волга\В.Волга внеплан.ТО 18г\Степаньково+\Степаньково 22.08.18,2018-07-16_04.19.03.rdf,0
317,//vault2/Бесконтактная техника/1 ОБТ\АКТЫ обслуживания ТАВР\Обслуживание 2018\Транснефть-Верхняя Волга\Воротынец\73_1-2,2017-08-24_13.13.56.rdf,0
318,//vault2/Бесконтактная техника/1 ОБТ\АКТЫ обслуживания ТАВР\Обслуживание 2018\Транснефть-Верхняя Волга\Воротынец\73_1-2,2017-08-24_13.20.37.rdf,0
319,//vault2/Бесконтактная техника/1 ОБТ\АКТЫ обслуживания ТАВР\Обслуживание 2018\Транснефть-Верхняя Волга\Воротынец\73_1-2,2017-09-03_05.31.49.rdf,0
320,//vault2/Бесконтактная техника/1 ОБТ\АКТЫ обслуживания ТАВР\Обслуживание 2018\Транснефть-Верхняя Волга\Воротынец\73_1-2,2018-03-30_12.31.27.rdf,0
321,//vault2/Бесконтактная техника/1 ОБТ\АКТЫ обслуживания ТАВР\Обслуживание 2018\Транснефть-Верхняя Волга\Воротынец\73_1-2,2018-03-30_13.45.02.rdf,0
322,//vault2/Бесконтактная техника/1 ОБТ\АКТЫ обслуживания ТАВР\Обслуживание 2018\Транснефть-Верхняя Волга\Воротынец\74__3-4,2017-08-23_15.14.35.rdf,0
323,//vault2/Бесконтактная техника/1 ОБТ\АКТЫ обслуживания ТАВР\Обслуживание 2018\Транснефть-Верхняя Волга\Воротынец\74__3-4,2017-08-24_13.28.15.rdf,0
324,//vault2/Бесконтактная техника/1 ОБТ\АКТЫ обслуживания ТАВР\Обслуживание 2018\Транснефть-Верхняя Волга\Воротынец\74__3-4,2017-08-24_13.37.38.rdf,0
325,//vault2/Бесконтактная техника/1 ОБТ\АКТЫ обслуживания ТАВР\Обслуживание 2018\Транснефть-Верхняя Волга\Воротынец\74__3-4,2018-03-30_12.41.23.rdf,0
326,//vault2/Бесконтактная техника/1 ОБТ\АКТЫ обслуживания ТАВР\Обслуживание 2018\Транснефть-Верхняя Волга\Воротынец\74__3-4,2018-03-30_13.29.08.rdf,0
327,//vault2/Бесконтактная техника/1 ОБТ\АКТЫ обслуживания ТАВР\Обслуживание 2018\Транснефть-Верхняя Волга\Горький\122_3-4,2017-10-06_12.45.57.rdf,0
328,//vault2/Бесконтактная техника/1 ОБТ\АКТЫ обслуживания ТАВР\Обслуживание 2018\Транснефть-Верхняя Волга\Горький\122_3-4,2018-02-21_13.39.19.rdf,0
329,//vault2/Бесконтактная техника/1 ОБТ\АКТЫ обслуживания ТАВР\Обслуживание 2018\Транснефть-Верхняя Волга\Горький\122_3-4,2018-02-21_13.42.14.rdf,0
330,//vault2/Бесконтактная техника/1 ОБТ\АКТЫ обслуживания ТАВР\Обслуживание 2018\Транснефть-Верхняя Волга\Горький\81_1-2,2018-02-21_07.14.56.rdf,0
331,//vault2/Бесконтактная техника/1 ОБТ\АКТЫ обслуживания ТАВР\Обслуживание 2018\Транснефть-Верхняя Волга\Горький\81_1-2,2018-02-21_13.40.17.rdf,0
332,//vault2/Бесконтактная техника/1 ОБТ\АКТЫ обслуживания ТАВР\Обслуживание 2018\Транснефть-Верхняя Волга\Горький\81_1-2,2018-02-21_14.05.20.rdf,0
333,//vault2/Бесконтактная техника/1 ОБТ\АКТЫ обслуживания ТАВР\Обслуживание 2018\Транснефть-Верхняя Волга\Ермишь\2018_осц. Ермишь,2018-03-22_13.28.30.rdf,0
334,//vault2/Бесконтактная техника/1 ОБТ\АКТЫ обслуживания ТАВР\Обслуживание 2018\Транснефть-Верхняя Волга\Ермишь\2018_осц. Ермишь,2018-03-22_13.43.30.rdf,0
335,//vault2/Бесконтактная техника/1 ОБТ\АКТЫ обслуживания ТАВР\Обслуживание 2018\Транснефть-Верхняя Волга\Ермишь\2018_осц. Ермишь,2018-03-22_13.44.39.rdf,0
336,//vault2/Бесконтактная техника/1 ОБТ\АКТЫ обслуживания ТАВР\Обслуживание 2018\Транснефть-Верхняя Волга\Залесье,2018-02-16_09.28.06.rdf,0
337,//vault2/Бесконтактная техника/1 ОБТ\АКТЫ обслуживания ТАВР\Обслуживание 2018\Транснефть-Верхняя Волга\Залесье,2018-02-21_14.31.15.rdf,0
338,//vault2/Бесконтактная техника/1 ОБТ\АКТЫ обслуживания ТАВР\Обслуживание 2018\Транснефть-Верхняя Волга\Залесье,2018-02-21_14.35.59.rdf,0
339,//vault2/Бесконтактная техника/1 ОБТ\АКТЫ обслуживания ТАВР\Обслуживание 2018\Транснефть-Верхняя Волга\Степаньково\10кВ,2018-02-27_11.34.30.rdf,0
340,//vault2/Бесконтактная техника/1 ОБТ\АКТЫ обслуживания ТАВР\Обслуживание 2018\Транснефть-Верхняя Волга\Степаньково\10кВ,2018-02-27_11.39.43.rdf,0
341,//vault2/Бесконтактная техника/1 ОБТ\АКТЫ обслуживания ТАВР\Обслуживание 2018\Транснефть-Верхняя Волга\Степаньково\10кВ,2018-03-01_14.54.19.rdf,0
342,//vault2/Бесконтактная техника/1 ОБТ\АКТЫ обслуживания ТАВР\Обслуживание 2018\Транснефть-Верхняя Волга\Степаньково\6кВ,2017-08-28_14.29.41.rdf,0
343,//vault2/Бесконтактная техника/1 ОБТ\АКТЫ обслуживания ТАВР\Обслуживание 2018\Транснефть-Верхняя Волга\Степаньково\6кВ,2017-08-28_14.33.06.rdf,0
344,//vault2/Бесконтактная техника/1 ОБТ\АКТЫ обслуживания ТАВР\Обслуживание 2018\Транснефть-Верхняя Волга\Степаньково\6кВ,2017-12-17_20.18.00.rdf,0
345,//vault2/Бесконтактная техника/1 ОБТ\АКТЫ обслуживания ТАВР\Обслуживание 2018\Транснефть-Верхняя Волга\Шилово\2018_осц.Шилово,2017-11-14_17.35.32.rdf,0
346,//vault2/Бесконтактная техника/1 ОБТ\АКТЫ обслуживания ТАВР\Обслуживание 2018\Транснефть-Верхняя Волга\Шилово\2018_осц.Шилово,2017-11-14_18.41.23.rdf,0
347,//vault2/Бесконтактная техника/1 ОБТ\АКТЫ обслуживания ТАВР\Обслуживание 2018\Транснефть-Верхняя Волга\Шилово\2018_осц.Шилово,2018-04-21_20.26.23.rdf,0
348,//vault2/Бесконтактная техника/1 ОБТ\АКТЫ обслуживания ТАВР\Обслуживание 2018\Транснефть-Восток\НПС-10\20018_осц_НПС-10,2018-03-28_05.00.26.rdf,0
349,//vault2/Бесконтактная техника/1 ОБТ\АКТЫ обслуживания ТАВР\Обслуживание 2018\Транснефть-Восток\НПС-10\20018_осц_НПС-10,2018-09-11_04.57.59.rdf,0
350,//vault2/Бесконтактная техника/1 ОБТ\АКТЫ обслуживания ТАВР\Обслуживание 2018\Транснефть-Восток\НПС-10\20018_осц_НПС-10,2018-09-11_09.46.11.rdf,0
351,//vault2/Бесконтактная техника/1 ОБТ\АКТЫ обслуживания ТАВР\Обслуживание 2018\Транснефть-Восток\НПС-11\20018_осц_НПС-11,2018-09-07_14.40.32.rdf,0
352,//vault2/Бесконтактная техника/1 ОБТ\АКТЫ обслуживания ТАВР\Обслуживание 2018\Транснефть-Восток\НПС-11\20018_осц_НПС-11,2018-09-11_12.09.16.rdf,0
353,//vault2/Бесконтактная техника/1 ОБТ\АКТЫ обслуживания ТАВР\Обслуживание 2018\Транснефть-Восток\НПС-11\20018_осц_НПС-11,2018-09-11_12.23.59.rdf,0
354,//vault2/Бесконтактная техника/1 ОБТ\АКТЫ обслуживания ТАВР\Обслуживание 2018\Транснефть-Восток\НПС-12\2018_осц_НПС-12,2018-09-07_15.34.50.rdf,0
355,//vault2/Бесконтактная техника/1 ОБТ\АКТЫ обслуживания ТАВР\Обслуживание 2018\Транснефть-Восток\НПС-12\2018_осц_НПС-12,2018-09-11_15.01.13.rdf,0
356,//vault2/Бесконтактная техника/1 ОБТ\АКТЫ обслуживания ТАВР\Обслуживание 2018\Транснефть-Восток\НПС-12\2018_осц_НПС-12,2018-09-11_15.10.31.rdf,0
357,//vault2/Бесконтактная техника/1 ОБТ\АКТЫ обслуживания ТАВР\Обслуживание 2018\Транснефть-Восток\НПС-13\20018_осц_НПС-13,2018-09-11_16.55.57.rdf,0
358,//vault2/Бесконтактная техника/1 ОБТ\АКТЫ обслуживания ТАВР\Обслуживание 2018\Транснефть-Восток\НПС-13\20018_осц_НПС-13,2018-09-15_17.35.33.rdf,0
359,//vault2/Бесконтактная техника/1 ОБТ\АКТЫ обслуживания ТАВР\Обслуживание 2018\Транснефть-Восток\НПС-13\20018_осц_НПС-13,2018-09-21_20.14.25.rdf,0
360,//vault2/Бесконтактная техника/1 ОБТ\АКТЫ обслуживания ТАВР\Обслуживание 2018\Транснефть-Восток\НПС-14\2018_осц_НПС-14,2018-09-07_04.28.58.rdf,0
361,//vault2/Бесконтактная техника/1 ОБТ\АКТЫ обслуживания ТАВР\Обслуживание 2018\Транснефть-Восток\НПС-14\2018_осц_НПС-14,2018-09-12_10.50.54.rdf,0
362,//vault2/Бесконтактная техника/1 ОБТ\АКТЫ обслуживания ТАВР\Обслуживание 2018\Транснефть-Восток\НПС-14\2018_осц_НПС-14,2018-09-12_11.01.34.rdf,0
363,//vault2/Бесконтактная техника/1 ОБТ\АКТЫ обслуживания ТАВР\Обслуживание 2018\Транснефть-Восток\НПС-15\2018_осц_НПС-15,2018-09-07_09.40.36.rdf,0
364,//vault2/Бесконтактная техника/1 ОБТ\АКТЫ обслуживания ТАВР\Обслуживание 2018\Транснефть-Восток\НПС-15\2018_осц_НПС-15,2018-09-11_12.49.17.rdf,0
365,//vault2/Бесконтактная техника/1 ОБТ\АКТЫ обслуживания ТАВР\Обслуживание 2018\Транснефть-Восток\НПС-15\2018_осц_НПС-15,2018-09-11_12.56.28.rdf,0
366,//vault2/Бесконтактная техника/1 ОБТ\АКТЫ обслуживания ТАВР\Обслуживание 2018\Транснефть-Восток\НПС-16\2018_осц_НПС-16,2018-09-07_15.00.16.rdf,0
367,//vault2/Бесконтактная техника/1 ОБТ\АКТЫ обслуживания ТАВР\Обслуживание 2018\Транснефть-Восток\НПС-16\2018_осц_НПС-16,2018-09-11_18.08.14.rdf,0
368,//vault2/Бесконтактная техника/1 ОБТ\АКТЫ обслуживания ТАВР\Обслуживание 2018\Транснефть-Восток\НПС-16\2018_осц_НПС-16,2018-09-11_18.16.50.rdf,0
369,//vault2/Бесконтактная техника/1 ОБТ\АКТЫ обслуживания ТАВР\Обслуживание 2018\Транснефть-Восток\НПС-17\2018_осц_НПС-17,2018-09-05_10.34.04.rdf,0
370,//vault2/Бесконтактная техника/1 ОБТ\АКТЫ обслуживания ТАВР\Обслуживание 2018\Транснефть-Восток\НПС-17\2018_осц_НПС-17,2018-09-07_13.33.00.rdf,0
371,//vault2/Бесконтактная техника/1 ОБТ\АКТЫ обслуживания ТАВР\Обслуживание 2018\Транснефть-Восток\НПС-17\2018_осц_НПС-17,2018-09-12_18.13.25.rdf,0
372,//vault2/Бесконтактная техника/1 ОБТ\АКТЫ обслуживания ТАВР\Обслуживание 2018\Транснефть-Восток\НПС-18\2018_осц_НПС-18,2018-09-07_09.10.16.rdf,0
373,//vault2/Бесконтактная техника/1 ОБТ\АКТЫ обслуживания ТАВР\Обслуживание 2018\Транснефть-Восток\НПС-18\2018_осц_НПС-18,2018-09-12_04.09.43.rdf,0
374,//vault2/Бесконтактная техника/1 ОБТ\АКТЫ обслуживания ТАВР\Обслуживание 2018\Транснефть-Восток\НПС-18\2018_осц_НПС-18,2018-09-12_04.21.49.rdf,0
375,//vault2/Бесконтактная техника/1 ОБТ\АКТЫ обслуживания ТАВР\Обслуживание 2018\Транснефть-Восток\НПС-18\2018_осц_НПС-18,2018-09-14_06.10.25_пробная запись.rdf,0
376,//vault2/Бесконтактная техника/1 ОБТ\АКТЫ обслуживания ТАВР\Обслуживание 2018\Транснефть-Восток\НПС-19\2018_осц_НПС-19,2018-05-19_17.47.52.rdf,0
377,//vault2/Бесконтактная техника/1 ОБТ\АКТЫ обслуживания ТАВР\Обслуживание 2018\Транснефть-Восток\НПС-19\2018_осц_НПС-19,2018-06-07_13.41.17.rdf,0
378,//vault2/Бесконтактная техника/1 ОБТ\АКТЫ обслуживания ТАВР\Обслуживание 2018\Транснефть-Восток\НПС-19\2018_осц_НПС-19,2018-06-18_13.03.50.rdf,0
379,//vault2/Бесконтактная техника/1 ОБТ\АКТЫ обслуживания ТАВР\Обслуживание 2018\Транснефть-Восток\НПС-20\2018_осц_НПС-20,2018-09-07_13.38.32.rdf,0
380,//vault2/Бесконтактная техника/1 ОБТ\АКТЫ обслуживания ТАВР\Обслуживание 2018\Транснефть-Восток\НПС-20\2018_осц_НПС-20,2018-09-07_14.40.16.rdf,0
381,//vault2/Бесконтактная техника/1 ОБТ\АКТЫ обслуживания ТАВР\Обслуживание 2018\Транснефть-Восток\НПС-20\2018_осц_НПС-20,2018-09-07_14.41.55.rdf,0
382,//vault2/Бесконтактная техника/1 ОБТ\АКТЫ обслуживания ТАВР\Обслуживание 2018\Транснефть-Восток\НПС-8\2018_осц_НПС-8,2018-09-04_10.56.36.rdf,0
383,//vault2/Бесконтактная техника/1 ОБТ\АКТЫ обслуживания ТАВР\Обслуживание 2018\Транснефть-Восток\НПС-8\2018_осц_НПС-8,2018-09-04_10.59.52.rdf,0
384,//vault2/Бесконтактная техника/1 ОБТ\АКТЫ обслуживания ТАВР\Обслуживание 2018\Транснефть-Восток\НПС-8\2018_осц_НПС-8,2018-09-04_12.44.19.rdf,0
385,//vault2/Бесконтактная техника/1 ОБТ\АКТЫ обслуживания ТАВР\Обслуживание 2018\Транснефть-Приволга\Самара-2\осц_Самара2_144_2018,2018-07-19_15.45.26.rdf,0
386,//vault2/Бесконтактная техника/1 ОБТ\АКТЫ обслуживания ТАВР\Обслуживание 2018\Транснефть-Приволга\Самара-2\осц_Самара2_144_2018,2018-07-19_15.48.19.rdf,0
387,//vault2/Бесконтактная техника/1 ОБТ\АКТЫ обслуживания ТАВР\Обслуживание 2018\Транснефть-Приволга\Самара-2\осц_Самара2_144_2018,2018-08-14_13.31.25.rdf,0
388,//vault2/Бесконтактная техника/1 ОБТ\АКТЫ обслуживания ТАВР\Обслуживание 2018\Транснефть-Приволга\Самара-2\осц_Самара2_144_2018,2018-08-23_05.46.47.rdf,0
389,//vault2/Бесконтактная техника/1 ОБТ\АКТЫ обслуживания ТАВР\Обслуживание 2018\Транснефть-Приволга\Самара-2\осц_Самара2_144_2018,2018-08-23_10.59.28.rdf,0
390,//vault2/Бесконтактная техника/1 ОБТ\АКТЫ обслуживания ТАВР\Обслуживание 2018\Транснефть-Приволга\Самара-2\осц_Самара2_145_2018,2018-07-19_15.51.13.rdf,0
391,//vault2/Бесконтактная техника/1 ОБТ\АКТЫ обслуживания ТАВР\Обслуживание 2018\Транснефть-Приволга\Самара-2\осц_Самара2_145_2018,2018-08-14_13.27.33.rdf,0
392,//vault2/Бесконтактная техника/1 ОБТ\АКТЫ обслуживания ТАВР\Обслуживание 2018\Транснефть-Приволга\Самара-2\осц_Самара2_145_2018,2018-08-23_05.48.04.rdf,0
393,//vault2/Бесконтактная техника/1 ОБТ\АКТЫ обслуживания ТАВР\Обслуживание 2018\Транснефть-Прикамье\ПРНУ18\Лысьва-1\лыс,2017-01-26_08.02.59.rdf,0
394,//vault2/Бесконтактная техника/1 ОБТ\АКТЫ обслуживания ТАВР\Обслуживание 2018\Транснефть-Прикамье\ПРНУ18\Лысьва-1\лыс,2017-02-05_17.00.57.rdf,0
395,//vault2/Бесконтактная техника/1 ОБТ\АКТЫ обслуживания ТАВР\Обслуживание 2018\Транснефть-Прикамье\ПРНУ18\Лысьва-1\лыс,2017-03-28_09.53.52.rdf,0
396,//vault2/Бесконтактная техника/1 ОБТ\АКТЫ обслуживания ТАВР\Обслуживание 2018\Транснефть-Прикамье\ПРНУ18\Пермь-1\нпс1,2017-12-13_10.22.23.rdf,0
397,//vault2/Бесконтактная техника/1 ОБТ\АКТЫ обслуживания ТАВР\Обслуживание 2018\Транснефть-Прикамье\ПРНУ18\Пермь-1\нпс1,2018-02-04_20.55.24.rdf,0
398,//vault2/Бесконтактная техника/1 ОБТ\АКТЫ обслуживания ТАВР\Обслуживание 2018\Транснефть-Прикамье\ПРНУ18\Пермь-1\нпс1,2018-02-11_13.12.32.rdf,0
399,//vault2/Бесконтактная техника/1 ОБТ\АКТЫ обслуживания ТАВР\Обслуживание 2018\Транснефть-Прикамье\ПРНУ18\Пермь-2\нпс2,2018-03-23_10.09.26.rdf,0
400,//vault2/Бесконтактная техника/1 ОБТ\АКТЫ обслуживания ТАВР\Обслуживание 2018\Транснефть-Прикамье\ПРНУ18\Пермь-2\нпс2,2018-03-26_13.47.52.rdf,0
401,//vault2/Бесконтактная техника/1 ОБТ\АКТЫ обслуживания ТАВР\Обслуживание 2018\Транснефть-Прикамье\ПРНУ18\Пермь-2\нпс2,2018-03-26_14.29.23.rdf,0
402,//vault2/Бесконтактная техника/1 ОБТ\АКТЫ обслуживания ТАВР\Обслуживание 2018\Транснефть-Прикамье\ПРНУ18\Пермь-3\нпс3,2018-02-04_21.20.01.rdf,0
403,//vault2/Бесконтактная техника/1 ОБТ\АКТЫ обслуживания ТАВР\Обслуживание 2018\Транснефть-Прикамье\ПРНУ18\Пермь-3\нпс3,2018-02-11_13.37.16.rdf,0
404,//vault2/Бесконтактная техника/1 ОБТ\АКТЫ обслуживания ТАВР\Обслуживание 2018\Транснефть-Прикамье\ПРНУ18\Пермь-3\нпс3,2018-02-19_13.00.52.rdf,0
405,//vault2/Бесконтактная техника/1 ОБТ\АКТЫ обслуживания ТАВР\Обслуживание 2018\Транснефть-Прикамье\ПРНУ18\Платина-1\пл1,2017-06-03_19.21.14.rdf,0
406,//vault2/Бесконтактная техника/1 ОБТ\АКТЫ обслуживания ТАВР\Обслуживание 2018\Транснефть-Прикамье\ПРНУ18\Платина-1\пл1,2017-09-15_08.45.01.rdf,0
407,//vault2/Бесконтактная техника/1 ОБТ\АКТЫ обслуживания ТАВР\Обслуживание 2018\Транснефть-Прикамье\ПРНУ18\Платина-1\пл1,2018-03-18_17.05.32.rdf,0
408,//vault2/Бесконтактная техника/1 ОБТ\АКТЫ обслуживания ТАВР\Обслуживание 2018\Транснефть-Прикамье\ПРНУ18\Платина-2\пл2,2017-11-27_14.47.42.rdf,0
409,//vault2/Бесконтактная техника/1 ОБТ\АКТЫ обслуживания ТАВР\Обслуживание 2018\Транснефть-Прикамье\ПРНУ18\Платина-2\пл2,2017-11-27_15.01.22.rdf,0
410,//vault2/Бесконтактная техника/1 ОБТ\АКТЫ обслуживания ТАВР\Обслуживание 2018\Транснефть-Прикамье\ПРНУ18\Платина-2\пл2,2018-02-21_10.09.50.rdf,0
411,//vault2/Бесконтактная техника/1 ОБТ\АКТЫ обслуживания ТАВР\Обслуживание 2018\Транснефть-Прикамье\УРНУ_18\Арлеть\арлеть18,2018-07-31_13.26.54.rdf,0
412,//vault2/Бесконтактная техника/1 ОБТ\АКТЫ обслуживания ТАВР\Обслуживание 2018\Транснефть-Прикамье\УРНУ_18\Арлеть\арлеть18,2018-07-31_13.35.11.rdf,0
413,//vault2/Бесконтактная техника/1 ОБТ\АКТЫ обслуживания ТАВР\Обслуживание 2018\Транснефть-Прикамье\УРНУ_18\Арлеть\арлеть18,2018-07-31_13.39.20.rdf,0
414,//vault2/Бесконтактная техника/1 ОБТ\АКТЫ обслуживания ТАВР\Обслуживание 2019\Транснефть - Балтика\ЛРНУ\Невская\2019_осц_Невская,2019-06-21_22.08.25.rdf,0
415,//vault2/Бесконтактная техника/1 ОБТ\АКТЫ обслуживания ТАВР\Обслуживание 2019\Транснефть - Балтика\ЛРНУ\Невская\2019_осц_Невская,2019-09-13_11.19.36.rdf,0
416,//vault2/Бесконтактная техника/1 ОБТ\АКТЫ обслуживания ТАВР\Обслуживание 2019\Транснефть - Балтика\ЛРНУ\Невская\2019_осц_Невская,2019-09-13_11.21.36.rdf,0
417,//vault2/Бесконтактная техника/1 ОБТ\АКТЫ обслуживания ТАВР\Обслуживание 2019\Транснефть - Балтика\ЛРНУ\Сестрорецкая\2019_осц_Сестрорецкая,2019-03-09_19.24.02.rdf,0
418,//vault2/Бесконтактная техника/1 ОБТ\АКТЫ обслуживания ТАВР\Обслуживание 2019\Транснефть - Балтика\ЛРНУ\Сестрорецкая\2019_осц_Сестрорецкая,2019-09-13_16.26.49.rdf,0
419,//vault2/Бесконтактная техника/1 ОБТ\АКТЫ обслуживания ТАВР\Обслуживание 2019\Транснефть - Балтика\ЛРНУ\Сестрорецкая\2019_осц_Сестрорецкая,2019-09-13_16.28.09.rdf,0
420,//vault2/Бесконтактная техника/1 ОБТ\АКТЫ обслуживания ТАВР\Обслуживание 2019\Транснефть - Прикамье\Казанское РНУ\Ковали\осц_ковали,2018-04-10_16.41.47.rdf,0
421,//vault2/Бесконтактная техника/1 ОБТ\АКТЫ обслуживания ТАВР\Обслуживание 2019\Транснефть - Прикамье\Казанское РНУ\Ковали\осц_ковали,2018-07-19_15.31.27.rdf,0
422,//vault2/Бесконтактная техника/1 ОБТ\АКТЫ обслуживания ТАВР\Обслуживание 2019\Транснефть - Прикамье\Казанское РНУ\Ковали\осц_ковали,2019-03-27_11.31.24.rdf,0
423,//vault2/Бесконтактная техника/1 ОБТ\АКТЫ обслуживания ТАВР\Обслуживание 2019\Транснефть - Прикамье\Казанское РНУ\Тиньговатово\осц_тиньг34,2017-02-14_13.18.02.rdf,0
424,//vault2/Бесконтактная техника/1 ОБТ\АКТЫ обслуживания ТАВР\Обслуживание 2019\Транснефть - Прикамье\Казанское РНУ\Тиньговатово\осц_тиньг34,2017-09-08_01.13.54.rdf,0
425,//vault2/Бесконтактная техника/1 ОБТ\АКТЫ обслуживания ТАВР\Обслуживание 2019\Транснефть - Прикамье\Казанское РНУ\Тиньговатово\осц_тиньг34,2019-03-26_11.47.30.rdf,0
426,//vault2/Бесконтактная техника/1 ОБТ\АКТЫ обслуживания ТАВР\Обслуживание 2019\Транснефть - Прикамье\Казанское РНУ\Тиньговатово\осц_тиньг35,2018-08-15_10.47.27.rdf,0
427,//vault2/Бесконтактная техника/1 ОБТ\АКТЫ обслуживания ТАВР\Обслуживание 2019\Транснефть - Прикамье\Казанское РНУ\Тиньговатово\осц_тиньг35,2019-03-26_12.06.55.rdf,0
428,//vault2/Бесконтактная техника/1 ОБТ\АКТЫ обслуживания ТАВР\Обслуживание 2019\Транснефть - Прикамье\Казанское РНУ\Тиньговатово\осц_тиньг35,2019-06-16_21.58.39.rdf,0
429,//vault2/Бесконтактная техника/1 ОБТ\АКТЫ обслуживания ТАВР\Обслуживание 2019\Транснефть - Прикамье\Пермское РНУ\Лысьва-1\осц_лысьва,2018-09-10_08.15.03.rdf,0
430,//vault2/Бесконтактная техника/1 ОБТ\АКТЫ обслуживания ТАВР\Обслуживание 2019\Транснефть - Прикамье\Пермское РНУ\Лысьва-1\осц_лысьва,2019-01-29_22.57.34.rdf,0
431,//vault2/Бесконтактная техника/1 ОБТ\АКТЫ обслуживания ТАВР\Обслуживание 2019\Транснефть - Прикамье\Пермское РНУ\Лысьва-1\осц_лысьва,2019-10-28_17.13.30.rdf,0
432,//vault2/Бесконтактная техника/1 ОБТ\АКТЫ обслуживания ТАВР\Обслуживание 2019\Транснефть - Прикамье\Пермское РНУ\Пермь\Пермь-1,2018-10-19_00.42.43.rdf,0
433,//vault2/Бесконтактная техника/1 ОБТ\АКТЫ обслуживания ТАВР\Обслуживание 2019\Транснефть - Прикамье\Пермское РНУ\Пермь\Пермь-1,2019-03-22_20.29.39.rdf,0
434,//vault2/Бесконтактная техника/1 ОБТ\АКТЫ обслуживания ТАВР\Обслуживание 2019\Транснефть - Прикамье\Пермское РНУ\Пермь\Пермь-1,2019-05-27_14.24.14.rdf,0
435,//vault2/Бесконтактная техника/1 ОБТ\АКТЫ обслуживания ТАВР\Обслуживание 2019\Транснефть - Прикамье\Пермское РНУ\Пермь\Пермь-3,2018-10-19_00.44.21.rdf,0
436,//vault2/Бесконтактная техника/1 ОБТ\АКТЫ обслуживания ТАВР\Обслуживание 2019\Транснефть - Прикамье\Пермское РНУ\Пермь\Пермь-3,2019-03-22_20.33.43.rdf,0
437,//vault2/Бесконтактная техника/1 ОБТ\АКТЫ обслуживания ТАВР\Обслуживание 2019\Транснефть - Прикамье\Пермское РНУ\Пермь\Пермь-3,2019-05-27_14.29.20.rdf,0
438,//vault2/Бесконтактная техника/1 ОБТ\АКТЫ обслуживания ТАВР\Обслуживание 2019\Транснефть - Прикамье\Пермское РНУ\Пермь\Пермь-3,2019-11-19_09.44.17.rdf,0
439,//vault2/Бесконтактная техника/1 ОБТ\АКТЫ обслуживания ТАВР\Обслуживание 2019\Транснефть - Прикамье\Пермское РНУ\Платина\Платина-1,2017-06-03_19.21.14.rdf,0
440,//vault2/Бесконтактная техника/1 ОБТ\АКТЫ обслуживания ТАВР\Обслуживание 2019\Транснефть - Прикамье\Пермское РНУ\Платина\Платина-1,2017-09-15_08.45.01.rdf,0
441,//vault2/Бесконтактная техника/1 ОБТ\АКТЫ обслуживания ТАВР\Обслуживание 2019\Транснефть - Прикамье\Пермское РНУ\Платина\Платина-1,2018-03-18_17.05.32.rdf,0
442,//vault2/Бесконтактная техника/1 ОБТ\АКТЫ обслуживания ТАВР\Обслуживание 2019\Транснефть - Прикамье\Пермское РНУ\Платина\Платина-2,2018-02-21_10.09.50.rdf,0
443,//vault2/Бесконтактная техника/1 ОБТ\АКТЫ обслуживания ТАВР\Обслуживание 2019\Транснефть - Прикамье\Пермское РНУ\Платина\Платина-2,2019-07-30_15.44.33.rdf,0
444,//vault2/Бесконтактная техника/1 ОБТ\АКТЫ обслуживания ТАВР\Обслуживание 2019\Транснефть - Прикамье\Пермское РНУ\Платина\Платина-2,2019-08-06_10.38.16.rdf,0
445,//vault2/Бесконтактная техника/1 ОБТ\АКТЫ обслуживания ТАВР\Обслуживание 2019\Транснефть - Прикамье\Удмуртское РНУ\Арлеть\осц_арлеть,2019-10-08_11.26.25.rdf,0
446,//vault2/Бесконтактная техника/1 ОБТ\АКТЫ обслуживания ТАВР\Обслуживание 2019\Транснефть - Прикамье\Удмуртское РНУ\Арлеть\осц_арлеть,2019-10-17_12.07.10.rdf,0
447,//vault2/Бесконтактная техника/1 ОБТ\АКТЫ обслуживания ТАВР\Обслуживание 2019\Транснефть - Прикамье\Удмуртское РНУ\Арлеть\осц_арлеть,2019-10-17_12.09.29.rdf,0
448,//vault2/Бесконтактная техника/1 ОБТ\АКТЫ обслуживания ТАВР\Обслуживание 2019\Транснефть - Прикамье\Удмуртское РНУ\Дебесы\осц_Дебесы,2019-12-09_01.28.32.rdf,0
449,//vault2/Бесконтактная техника/1 ОБТ\АКТЫ обслуживания ТАВР\Обслуживание 2019\Транснефть - Прикамье\Удмуртское РНУ\Дебесы\осц_Дебесы,2019-12-09_01.29.18.rdf,0
450,//vault2/Бесконтактная техника/1 ОБТ\АКТЫ обслуживания ТАВР\Обслуживание 2019\Транснефть - Прикамье\Удмуртское РНУ\Дебесы\осц_Дебесы,2019-12-09_02.23.36.rdf,0
451,//vault2/Бесконтактная техника/1 ОБТ\АКТЫ обслуживания ТАВР\Обслуживание 2020\ТН - Верхняя Волга\Воротынец,2019-09-18_09.18.42.rdf,0
452,//vault2/Бесконтактная техника/1 ОБТ\АКТЫ обслуживания ТАВР\Обслуживание 2020\ТН - Верхняя Волга\Воротынец,2019-11-28_14.05.44.rdf,0
453,//vault2/Бесконтактная техника/1 ОБТ\АКТЫ обслуживания ТАВР\Обслуживание 2020\ТН - Верхняя Волга\Воротынец,2019-11-28_14.26.09.rdf,0
454,//vault2/Бесконтактная техника/1 ОБТ\Бессонов И.В\ЦентрСиб\Александровская,2019-04-02_15.40.45.rdf,0
455,//vault2/Бесконтактная техника/1 ОБТ\Бессонов И.В\ЦентрСиб\Александровская,2019-09-24_15.21.24.rdf,0
456,//vault2/Бесконтактная техника/1 ОБТ\Бессонов И.В\ЦентрСиб\Александровская,2019-09-24_15.36.29.rdf,0
457,//vault2/Бесконтактная техника/1 ОБТ\Бессонов И.В\ЦентрСиб\Молчаново,2019-07-16_14.16.32.rdf,0
458,//vault2/Бесконтактная техника/1 ОБТ\Бессонов И.В\ЦентрСиб\Молчаново,2019-09-02_15.01.32.rdf,0
459,//vault2/Бесконтактная техника/1 ОБТ\Бессонов И.В\ЦентрСиб\Молчаново,2019-09-04_17.05.33.rdf,0
460,//vault2/Бесконтактная техника/1 ОБТ\Бессонов И.В\ЦентрСиб\Орловка\яч14,2019-04-18_08.26.45.rdf,0
461,//vault2/Бесконтактная техника/1 ОБТ\Бессонов И.В\ЦентрСиб\Орловка\яч14,2019-05-24_10.05.47.rdf,0
462,//vault2/Бесконтактная техника/1 ОБТ\Бессонов И.В\ЦентрСиб\Орловка\яч14,2019-08-13_18.16.58.rdf,0
463,//vault2/Бесконтактная техника/1 ОБТ\Бессонов И.В\ЦентрСиб\Парабель,2019-07-21_08.33.27.rdf,0
464,//vault2/Бесконтактная техника/1 ОБТ\Бессонов И.В\ЦентрСиб\Парабель,2019-09-23_10.15.24.rdf,0
465,//vault2/Бесконтактная техника/1 ОБТ\Бессонов И.В\ЦентрСиб\Парабель,2019-09-23_10.56.45.rdf,0
466,//vault2/Бесконтактная техника/1 ОБТ\Бессонов И.В\ЦентрСиб\Парабель,2019-09-25_16.14.00пустая.rdf,0
467,//vault2/Бесконтактная техника/1 ОБТ\Бессонов И.В\ЦентрСиб\Первомайка,2019-07-05_15.51.38.rdf,0
468,//vault2/Бесконтактная техника/1 ОБТ\Бессонов И.В\ЦентрСиб\Первомайка,2019-07-21_08.33.40.rdf,0
469,//vault2/Бесконтактная техника/1 ОБТ\Бессонов И.В\ЦентрСиб\Первомайка,2019-09-05_15.22.31.rdf,0
470,//vault2/Бесконтактная техника/1 ОБТ\Бессонов И.В\ЦентрСиб\Раскино,2019-09-20_09.23.32.rdf,0
471,//vault2/Бесконтактная техника/1 ОБТ\Бессонов И.В\ЦентрСиб\Раскино,2019-09-25_12.14.49.rdf,0
472,//vault2/Бесконтактная техника/1 ОБТ\Бессонов И.В\ЦентрСиб\Раскино,2019-09-25_12.38.15.rdf,0
